buurtcode,buurtnaam,wijkcode,gemeentecode,gemeentenaam,indelingswijziging_wijken_en_buurten,water,meest_voorkomende_postcode,dekkingspercentage,omgevingsadressendichtheid,stedelijkheid_adressen_per_km2,bevolkingsdichtheid_inwoners_per_km2,aantal_inwoners,mannen,vrouwen,percentage_personen_0_tot_15_jaar,percentage_personen_15_tot_25_jaar,percentage_personen_25_tot_45_jaar,percentage_personen_45_tot_65_jaar,percentage_personen_65_jaar_en_ouder,percentage_ongehuwd,percentage_gehuwd,percentage_gescheid,percentage_verweduwd,geboorte_totaal,geboortes_per_1000_inwoners,sterfte_totaal,sterfte_relatief,aantal_huishoudens,percentage_eenpersoonshuishoudens,percentage_huishoudens_zonder_kinderen,percentage_huishoudens_met_kinderen,gemiddelde_huishoudsgrootte,percentage_met_herkomstland_nederland,percentage_met_herkomstland_uit_europa_excl_nl,percentage_met_herkomstland_buiten_europa,percentage_geb_in_nl_met_herkomstland_nederland,perc_geb_in_nl_met_herkomstland_in_europa_ex_nl,perc_geb_in_nl_met_herkomstland_buiten_europa,perc_geb_buiten_nl_met_herkomstlnd_in_europa_ex_nl,perc_geb_buiten_nl_met_herkomstlnd_buiten_europa,aantal_bedrijven_landbouw_bosbouw_visserij,aantal_bedrijven_nijverheid_energie,aantal_bedrijven_handel_en_horeca,aantal_bedrijven_vervoer_informatie_communicatie,aantal_bedrijven_financieel_onroerend_goed,aantal_bedrijven_zakelijke_dienstverlening,aantal_bedrijven_overheid_onderwijs_en_zorg,aantal_bedrijven_cultuur_recreatie_overige,aantal_bedrijfsvestigingen,woningvoorraad,gemiddelde_woningwaarde,percentage_eengezinswoning,percentage_meergezinswoning,percentage_bewoond,percentage_koopwoningen,percentage_huurwoningen,perc_huurwoningen_in_bezit_woningcorporaties,perc_huurwoningen_in_bezit_overige_verhuurders,percentage_woningen_met_eigendom_onbekend,percentage_bouwjaarklasse_tot_2000,percentage_bouwjaarklasse_vanaf_2000,percentage_leegstand_woningen,gemiddeld_gasverbruik_totaal,gemiddeld_gasverbruik_appartement,gemiddeld_gasverbruik_tussenwoning,gemiddeld_gasverbruik_hoekwoning,gemiddeld_gasverbruik_2_onder_1_kap_woning,gemiddeld_gasverbruik_vrijstaande_woning,gemiddeld_gasverbruik_huurwoning,gemiddeld_gasverbruikkoopwoning,gemiddeld_elektriciteitsverbruik_totaal,gemiddeld_elektriciteitsverbruik_appartement,gemiddeld_elektriciteitsverbruik_tussenwoning,gemiddeld_elektriciteitsverbruik_hoekwoning,gem_elektriciteitsverbruik_2_onder_1_kap_woning,gem_elektriciteitsverbruik_vrijstaande_woning,gemiddeld_elektriciteitsverbruik_huurwoning,gemiddeld_elektriciteitsverbruikkoopwoning,percentage_woningen_met_stadsverwarming,opleidingsniveau_laag,opleidingsniveau_middelbaar,opleidingsniveau_hoog,netto_arbeidsparticipatie,percentage_werknemers,percentage_zelfstandigen,aantal_inkomensontvangers,gemiddeld_inkomen_per_inkomensontvanger,gemiddeld_inkomen_per_inwoner,percentage_personen_met_hoog_inkomen,percentage_personen_met_laag_inkomen,percentage_huishoudens_met_hoog_inkomen,percentage_huishoudens_met_laag_inkomen,percentage_huishoudens_met_laagste_inkomen,percentage_huishoudens_onder_of_rond_sociaal_minimum,aantal_personen_met_een_ao_uitkering_totaal,aantal_personen_met_een_ww_uitkering_totaal,aantal_personen_met_een_alg_bijstandsuitkering_tot,aantal_personen_met_een_aow_uitkering_totaal,gemiddeld_gestandaardiseerd_inkomen_van_huishoudens,huishoudens_tot_110_percent_van_sociaal_minimum,huishoudens_tot_120_percent_van_sociaal_minimum,mediaan_vermogen_van_particuliere_huish,aantal_jongeren_met_jeugdzorg_in_natura,percentage_jongeren_met_jeugdzorg_in_natura,aantal_wmo_clienten,aantal_wmo_clienten_per_1000_inwoners,personenautos_totaal,personenautos_per_huishouden,personenautos_per_km2,motortweewielers_totaal,aantal_personenautos_met_brandstof_benzine,aantal_personenautos_met_overige_brandstof,oppervlakte_totaal_in_ha,oppervlakte_land_in_ha,oppervlakte_water_in_ha,huisartsenpraktijk_gemiddelde_afstand_in_km,huisartsenpraktijk_gemiddeld_aantal_binnen_1_km,huisartsenpraktijk_gemiddeld_aantal_binnen_3_km,huisartsenpraktijk_gemiddeld_aantal_binnen_5_km,huisartsenpost_gemiddelde_afstand_in_km,apotheek_gemiddelde_afstand_in_km,ziekenhuis_incl_buitenpolikliniek_gem_afst_in_km,ziekenhuis_incl_buitenpoli_gem_aantal_binnen_5_km,ziekenhuis_incl_buitenpoli_gem_aantal_binnen_10_km,ziekenhuis_incl_buitenpoli_gem_aantal_binnen_20_km,ziekenhuis_excl_buitenpolikliniek_gem_afst_in_km,ziekenhuis_excl_buitenpoli_gem_aantal_binnen_5_km,ziekenhuis_excl_buitenpoli_gem_aantal_binnen_10_km,ziekenhuis_excl_buitenpoli_gem_aantal_binnen_20_km,grote_supermarkt_gemiddelde_afstand_in_km,grote_supermarkt_gemiddeld_aantal_binnen_1_km,grote_supermarkt_gemiddeld_aantal_binnen_3_km,grote_supermarkt_gemiddeld_aantal_binnen_5_km,winkels_ov_dagelijkse_levensm_gem_afst_in_km,winkels_ov_dagel_levensm_gem_aantal_binnen_1_km,winkels_ov_dagel_levensm_gem_aantal_binnen_3_km,winkels_ov_dagel_levensm_gem_aantal_binnen_5_km,warenhuis_gemiddelde_afstand_in_km,warenhuis_gemiddeld_aantal_binnen_5_km,warenhuis_gemiddeld_aantal_binnen_10_km,warenhuis_gemiddeld_aantal_binnen_20_km,cafe_gemiddelde_afstand_in_km,cafe_gemiddeld_aantal_binnen_1_km,cafe_gemiddeld_aantal_binnen_3_km,cafe_gemiddeld_aantal_binnen_5_km,cafetaria_gemiddelde_afstand_in_km,cafetaria_gemiddeld_aantal_binnen_1_km,cafetaria_gemiddeld_aantal_binnen_3_km,cafetaria_gemiddeld_aantal_binnen_5_km,restaurant_gemiddelde_afstand_in_km,restaurant_gemiddeld_aantal_binnen_1_km,restaurant_gemiddeld_aantal_binnen_3_km,restaurant_gemiddeld_aantal_binnen_5_km,hotel_gemiddelde_afstand_in_km,hotel_gemiddeld_aantal_binnen_5_km,hotel_gemiddeld_aantal_binnen_10_km,hotel_gemiddeld_aantal_binnen_20_km,kinderdagverblijf_gemiddelde_afstand_in_km,kinderdagverblijf_gemiddeld_aantal_binnen_1_km,kinderdagverblijf_gemiddeld_aantal_binnen_3_km,kinderdagverblijf_gemiddeld_aantal_binnen_5_km,buitenschoolse_opvang_gem_afstand_in_km,buitenschoolse_opvang_gemiddeld_aantal_binnen_1_km,buitenschoolse_opvang_gemiddeld_aantal_binnen_3_km,buitenschoolse_opvang_gemiddeld_aantal_binnen_5_km,basisonderwijs_gemiddelde_afstand_in_km,basisonderwijs_gemiddeld_aantal_binnen_1_km,basisonderwijs_gemiddeld_aantal_binnen_3_km,basisonderwijs_gemiddeld_aantal_binnen_5_km,voortgezet_onderwijs_gem_afstand_in_km,voortgezet_onderwijs_gemiddeld_aantal_binnen_3_km,voortgezet_onderwijs_gemiddeld_aantal_binnen_5_km,voortgezet_onderwijs_gemiddeld_aantal_binnen_10_km,vmbo_gemiddelde_afstand_in_km,vmbo_gemiddeld_aantal_binnen_3_km,vmbo_gemiddeld_aantal_binnen_5_km,vmbo_gemiddeld_aantal_binnen_10_km,havo_vwo_gemiddelde_afstand_in_km,havo_vwo_gemiddeld_aantal_binnen_3_km,havo_vwo_gemiddeld_aantal_binnen_5_km,havo_vwo_gemiddeld_aantal_binnen_10_km,brandweerkazerne_gemiddelde_afstand_in_km,oprit_hoofdverkeersweg_gemiddelde_afstand_in_km,treinstation_gemiddelde_afstand_in_km,overstapstation_gemiddelde_afstand_in_km,zwembad_gemiddelde_afstand_in_km,kunstijsbaan_gemiddelde_afstand_in_km,bibliotheek_gemiddelde_afstand_in_km,poppodium_gemiddelde_afstand_in_km,bioscoop_gemiddelde_afstand_in_km,bioscoop_gemiddeld_aantal_binnen_5_km,bioscoop_gemiddeld_aantal_binnen_10_km,bioscoop_gemiddeld_aantal_binnen_20_km,sauna_gemiddelde_afstand_in_km,zonnebank_gemiddelde_afstand_in_km,attractiepark_gemiddelde_afstand_in_km,attractiepark_gemiddeld_aantal_binnen_10_km,attractiepark_gemiddeld_aantal_binnen_20_km,attractiepark_gemiddeld_aantal_binnen_50_km,theater_gemiddelde_afstand_in_km,theater_gemiddeld_aantal_binnen_5_km,theater_gemiddeld_aantal_binnen_10_km,theater_gemiddeld_aantal_binnen_20_km,gemiddelde_afstand_tot_museum,gemiddeld_aantal_musea_binnen_5_km,gemiddeld_aantal_musea_binnen_10_km,gemiddeld_aantal_musea_binnen_20_km,afstand_tot_openbaar_groen_totaal,afstand_tot_park_of_plantsoen,afstand_tot_dagrcreatief_terrein,afstand_tot_bos,afstand_tot_open_natuur_terrein_totaal,afstand_tot_open_droog_natuur_terrein,afstand_tot_open_nat_natuurlijk_terrein,afstand_tot_semiopenbaar_groen_totaal,afstand_tot_sportterrein,afstand_tot_volkstuin,afstand_tot_verblijfsrecreatief_terrein,afstand_tot_recreatief_binnenwater,afstand_tot_begraafplaats,jrstatcode,jaar
BU09989999,Buitenland,WK099899,GM0998,Buitenland,-99997,B,-99997,-99997,-99997,-99997,-99997,-99997,-99997,-99997,-99997,-99997,-99997,-99997,-99997,-99997,-99997,-99997,-99997,-99995,-99995,-99995,-99995,-99997,-99997,-99997,-99997,-99997.0,-99997,-99997,-99997,-99997,-99997,-99997,-99997,-99997,-99995,-99995,-99995,-99995,-99995,-99995,-99995,-99995,-99995,-99995,-99995,-99995,-99995,-99995,-99995,-99995,-99995,-99995,-99995,-99995,-99995,-99995,-99995,-99995,-99995,-99995,-99995,-99995,-99995,-99995,-99995,-99995,-99995,-99995,-99995,-99995,-99995,-99995,-99995,-99995,-99995,-99995,-99995,-99995,-99995,-99995,-99995,-99995,-99995,-99995,-99995,-99995,-99995,-99995,-99995,-99995,-99995,-99995,-99995.0,-99995.0,-99995.0,-99995.0,-99995,-99995.0,-99995,-99995,-99997,-99997.0,-99997,-99997,-99997,-99997,-99997,-99997,-99997,-99995.0,-99995.0,-99995.0,-99995.0,-99995.0,-99995.0,-99995.0,-99995.0,-99995.0,-99995.0,-99995.0,-99995.0,-99995.0,-99995.0,-99995.0,-99995.0,-99995.0,-99995.0,-99995.0,-99995.0,-99995.0,-99995.0,-99995.0,-99995.0,-99995.0,-99995.0,-99995.0,-99995.0,-99995.0,-99995.0,-99995.0,-99995.0,-99995.0,-99995.0,-99995.0,-99995.0,-99995.0,-99995.0,-99995.0,-99995.0,-99995.0,-99995.0,-99995.0,-99995.0,-99995.0,-99995.0,-99995.0,-99995.0,-99995.0,-99995.0,-99995.0,-99995.0,-99995.0,-99995.0,-99995.0,-99995.0,-99995.0,-99995.0,-99995.0,-99995.0,-99995.0,-99995.0,-99995.0,-99995.0,-99995.0,-99995.0,-99995.0,-99995.0,-99995.0,-99995.0,-99995.0,-99995.0,-99995.0,-99995.0,-99995.0,-99995.0,-99995.0,-99995.0,-99995.0,-99995.0,-99995.0,-99995.0,-99995.0,-99995.0,-99995.0,-99995.0,-99995.0,-99995.0,-99995.0,-99995.0,-99995.0,-99995.0,-99995.0,-99995.0,-99995.0,-99995.0,-99995.0,-99995.0,-99995.0,-99995.0,-99995.0,-99995.0,-99995.0,-99995.0,-99995.0,2024BU09989999,2024
BU00349997,Groot binnenwater,WK003499,GM0034,Almere,-99997,JA,-99997,-99997,-99997,-99997,-99997,-99997,-99997,-99997,-99997,-99997,-99997,-99997,-99997,-99997,-99997,-99997,-99997,-99995,-99995,-99995,-99995,-99997,-99997,-99997,-99997,-99997.0,-99997,-99997,-99997,-99997,-99997,-99997,-99997,-99997,-99995,-99995,-99995,-99995,-99995,-99995,-99995,-99995,-99995,-99995,-99995,-99995,-99995,-99995,-99995,-99995,-99995,-99995,-99995,-99995,-99995,-99995,-99995,-99995,-99995,-99995,-99995,-99995,-99995,-99995,-99995,-99995,-99995,-99995,-99995,-99995,-99995,-99995,-99995,-99995,-99995,-99995,-99995,-99995,-99995,-99995,-99995,-99995,-99995,-99995,-99995,-99995,-99995,-99995,-99995,-99995,-99995,-99995,-99995.0,-99995.0,-99995.0,-99995.0,-99995,-99995.0,-99995,-99995,-99997,-99997.0,-99997,-99997,-99997,-99997,-99997,-99997,-99997,-99995.0,-99995.0,-99995.0,-99995.0,-99995.0,-99995.0,-99995.0,-99995.0,-99995.0,-99995.0,-99995.0,-99995.0,-99995.0,-99995.0,-99995.0,-99995.0,-99995.0,-99995.0,-99995.0,-99995.0,-99995.0,-99995.0,-99995.0,-99995.0,-99995.0,-99995.0,-99995.0,-99995.0,-99995.0,-99995.0,-99995.0,-99995.0,-99995.0,-99995.0,-99995.0,-99995.0,-99995.0,-99995.0,-99995.0,-99995.0,-99995.0,-99995.0,-99995.0,-99995.0,-99995.0,-99995.0,-99995.0,-99995.0,-99995.0,-99995.0,-99995.0,-99995.0,-99995.0,-99995.0,-99995.0,-99995.0,-99995.0,-99995.0,-99995.0,-99995.0,-99995.0,-99995.0,-99995.0,-99995.0,-99995.0,-99995.0,-99995.0,-99995.0,-99995.0,-99995.0,-99995.0,-99995.0,-99995.0,-99995.0,-99995.0,-99995.0,-99995.0,-99995.0,-99995.0,-99995.0,-99995.0,-99995.0,-99995.0,-99995.0,-99995.0,-99995.0,-99995.0,-99995.0,-99995.0,-99995.0,-99995.0,-99995.0,-99995.0,-99995.0,-99995.0,-99995.0,-99995.0,-99995.0,-99995.0,-99995.0,-99995.0,-99995.0,-99995.0,-99995.0,-99995.0,2024BU00349997,2024
BU00509997,Groot binnenwater,WK005099,GM0050,Zeewolde,-99997,JA,-99997,-99997,-99997,-99997,-99997,-99997,-99997,-99997,-99997,-99997,-99997,-99997,-99997,-99997,-99997,-99997,-99997,-99995,-99995,-99995,-99995,-99997,-99997,-99997,-99997,-99997.0,-99997,-99997,-99997,-99997,-99997,-99997,-99997,-99997,-99995,-99995,-99995,-99995,-99995,-99995,-99995,-99995,-99995,-99995,-99995,-99995,-99995,-99995,-99995,-99995,-99995,-99995,-99995,-99995,-99995,-99995,-99995,-99995,-99995,-99995,-99995,-99995,-99995,-99995,-99995,-99995,-99995,-99995,-99995,-99995,-99995,-99995,-99995,-99995,-99995,-99995,-99995,-99995,-99995,-99995,-99995,-99995,-99995,-99995,-99995,-99995,-99995,-99995,-99995,-99995,-99995,-99995,-99995.0,-99995.0,-99995.0,-99995.0,-99995,-99995.0,-99995,-99995,-99997,-99997.0,-99997,-99997,-99997,-99997,-99997,-99997,-99997,-99995.0,-99995.0,-99995.0,-99995.0,-99995.0,-99995.0,-99995.0,-99995.0,-99995.0,-99995.0,-99995.0,-99995.0,-99995.0,-99995.0,-99995.0,-99995.0,-99995.0,-99995.0,-99995.0,-99995.0,-99995.0,-99995.0,-99995.0,-99995.0,-99995.0,-99995.0,-99995.0,-99995.0,-99995.0,-99995.0,-99995.0,-99995.0,-99995.0,-99995.0,-99995.0,-99995.0,-99995.0,-99995.0,-99995.0,-99995.0,-99995.0,-99995.0,-99995.0,-99995.0,-99995.0,-99995.0,-99995.0,-99995.0,-99995.0,-99995.0,-99995.0,-99995.0,-99995.0,-99995.0,-99995.0,-99995.0,-99995.0,-99995.0,-99995.0,-99995.0,-99995.0,-99995.0,-99995.0,-99995.0,-99995.0,-99995.0,-99995.0,-99995.0,-99995.0,-99995.0,-99995.0,-99995.0,-99995.0,-99995.0,-99995.0,-99995.0,-99995.0,-99995.0,-99995.0,-99995.0,-99995.0,-99995.0,-99995.0,-99995.0,-99995.0,-99995.0,-99995.0,-99995.0,-99995.0,-99995.0,-99995.0,-99995.0,-99995.0,-99995.0,-99995.0,-99995.0,-99995.0,-99995.0,-99995.0,-99995.0,-99995.0,-99995.0,-99995.0,-99995.0,-99995.0,2024BU00509997,2024
BU00609998,Buitenwater,WK006099,GM0060,Ameland,-99997,JA,-99997,-99997,-99997,-99997,-99997,-99997,-99997,-99997,-99997,-99997,-99997,-99997,-99997,-99997,-99997,-99997,-99997,-99995,-99995,-99995,-99995,-99997,-99997,-99997,-99997,-99997.0,-99997,-99997,-99997,-99997,-99997,-99997,-99997,-99997,-99995,-99995,-99995,-99995,-99995,-99995,-99995,-99995,-99995,-99995,-99995,-99995,-99995,-99995,-99995,-99995,-99995,-99995,-99995,-99995,-99995,-99995,-99995,-99995,-99995,-99995,-99995,-99995,-99995,-99995,-99995,-99995,-99995,-99995,-99995,-99995,-99995,-99995,-99995,-99995,-99995,-99995,-99995,-99995,-99995,-99995,-99995,-99995,-99995,-99995,-99995,-99995,-99995,-99995,-99995,-99995,-99995,-99995,-99995.0,-99995.0,-99995.0,-99995.0,-99995,-99995.0,-99995,-99995,-99997,-99997.0,-99997,-99997,-99997,-99997,-99997,-99997,-99997,-99995.0,-99995.0,-99995.0,-99995.0,-99995.0,-99995.0,-99995.0,-99995.0,-99995.0,-99995.0,-99995.0,-99995.0,-99995.0,-99995.0,-99995.0,-99995.0,-99995.0,-99995.0,-99995.0,-99995.0,-99995.0,-99995.0,-99995.0,-99995.0,-99995.0,-99995.0,-99995.0,-99995.0,-99995.0,-99995.0,-99995.0,-99995.0,-99995.0,-99995.0,-99995.0,-99995.0,-99995.0,-99995.0,-99995.0,-99995.0,-99995.0,-99995.0,-99995.0,-99995.0,-99995.0,-99995.0,-99995.0,-99995.0,-99995.0,-99995.0,-99995.0,-99995.0,-99995.0,-99995.0,-99995.0,-99995.0,-99995.0,-99995.0,-99995.0,-99995.0,-99995.0,-99995.0,-99995.0,-99995.0,-99995.0,-99995.0,-99995.0,-99995.0,-99995.0,-99995.0,-99995.0,-99995.0,-99995.0,-99995.0,-99995.0,-99995.0,-99995.0,-99995.0,-99995.0,-99995.0,-99995.0,-99995.0,-99995.0,-99995.0,-99995.0,-99995.0,-99995.0,-99995.0,-99995.0,-99995.0,-99995.0,-99995.0,-99995.0,-99995.0,-99995.0,-99995.0,-99995.0,-99995.0,-99995.0,-99995.0,-99995.0,-99995.0,-99995.0,-99995.0,-99995.0,2024BU00609998,2024
BU00729998,Buitenwater,WK007299,GM0072,Harlingen,-99997,JA,-99997,-99997,-99997,-99997,-99997,-99997,-99997,-99997,-99997,-99997,-99997,-99997,-99997,-99997,-99997,-99997,-99997,-99995,-99995,-99995,-99995,-99997,-99997,-99997,-99997,-99997.0,-99997,-99997,-99997,-99997,-99997,-99997,-99997,-99997,-99995,-99995,-99995,-99995,-99995,-99995,-99995,-99995,-99995,-99995,-99995,-99995,-99995,-99995,-99995,-99995,-99995,-99995,-99995,-99995,-99995,-99995,-99995,-99995,-99995,-99995,-99995,-99995,-99995,-99995,-99995,-99995,-99995,-99995,-99995,-99995,-99995,-99995,-99995,-99995,-99995,-99995,-99995,-99995,-99995,-99995,-99995,-99995,-99995,-99995,-99995,-99995,-99995,-99995,-99995,-99995,-99995,-99995,-99995.0,-99995.0,-99995.0,-99995.0,-99995,-99995.0,-99995,-99995,-99997,-99997.0,-99997,-99997,-99997,-99997,-99997,-99997,-99997,-99995.0,-99995.0,-99995.0,-99995.0,-99995.0,-99995.0,-99995.0,-99995.0,-99995.0,-99995.0,-99995.0,-99995.0,-99995.0,-99995.0,-99995.0,-99995.0,-99995.0,-99995.0,-99995.0,-99995.0,-99995.0,-99995.0,-99995.0,-99995.0,-99995.0,-99995.0,-99995.0,-99995.0,-99995.0,-99995.0,-99995.0,-99995.0,-99995.0,-99995.0,-99995.0,-99995.0,-99995.0,-99995.0,-99995.0,-99995.0,-99995.0,-99995.0,-99995.0,-99995.0,-99995.0,-99995.0,-99995.0,-99995.0,-99995.0,-99995.0,-99995.0,-99995.0,-99995.0,-99995.0,-99995.0,-99995.0,-99995.0,-99995.0,-99995.0,-99995.0,-99995.0,-99995.0,-99995.0,-99995.0,-99995.0,-99995.0,-99995.0,-99995.0,-99995.0,-99995.0,-99995.0,-99995.0,-99995.0,-99995.0,-99995.0,-99995.0,-99995.0,-99995.0,-99995.0,-99995.0,-99995.0,-99995.0,-99995.0,-99995.0,-99995.0,-99995.0,-99995.0,-99995.0,-99995.0,-99995.0,-99995.0,-99995.0,-99995.0,-99995.0,-99995.0,-99995.0,-99995.0,-99995.0,-99995.0,-99995.0,-99995.0,-99995.0,-99995.0,-99995.0,-99995.0,2024BU00729998,2024
BU00889998,Buitenwater,WK008899,GM0088,Schiermonnikoog,-99997,JA,-99997,-99997,-99997,-99997,-99997,-99997,-99997,-99997,-99997,-99997,-99997,-99997,-99997,-99997,-99997,-99997,-99997,-99995,-99995,-99995,-99995,-99997,-99997,-99997,-99997,-99997.0,-99997,-99997,-99997,-99997,-99997,-99997,-99997,-99997,-99995,-99995,-99995,-99995,-99995,-99995,-99995,-99995,-99995,-99995,-99995,-99995,-99995,-99995,-99995,-99995,-99995,-99995,-99995,-99995,-99995,-99995,-99995,-99995,-99995,-99995,-99995,-99995,-99995,-99995,-99995,-99995,-99995,-99995,-99995,-99995,-99995,-99995,-99995,-99995,-99995,-99995,-99995,-99995,-99995,-99995,-99995,-99995,-99995,-99995,-99995,-99995,-99995,-99995,-99995,-99995,-99995,-99995,-99995.0,-99995.0,-99995.0,-99995.0,-99995,-99995.0,-99995,-99995,-99997,-99997.0,-99997,-99997,-99997,-99997,-99997,-99997,-99997,-99995.0,-99995.0,-99995.0,-99995.0,-99995.0,-99995.0,-99995.0,-99995.0,-99995.0,-99995.0,-99995.0,-99995.0,-99995.0,-99995.0,-99995.0,-99995.0,-99995.0,-99995.0,-99995.0,-99995.0,-99995.0,-99995.0,-99995.0,-99995.0,-99995.0,-99995.0,-99995.0,-99995.0,-99995.0,-99995.0,-99995.0,-99995.0,-99995.0,-99995.0,-99995.0,-99995.0,-99995.0,-99995.0,-99995.0,-99995.0,-99995.0,-99995.0,-99995.0,-99995.0,-99995.0,-99995.0,-99995.0,-99995.0,-99995.0,-99995.0,-99995.0,-99995.0,-99995.0,-99995.0,-99995.0,-99995.0,-99995.0,-99995.0,-99995.0,-99995.0,-99995.0,-99995.0,-99995.0,-99995.0,-99995.0,-99995.0,-99995.0,-99995.0,-99995.0,-99995.0,-99995.0,-99995.0,-99995.0,-99995.0,-99995.0,-99995.0,-99995.0,-99995.0,-99995.0,-99995.0,-99995.0,-99995.0,-99995.0,-99995.0,-99995.0,-99995.0,-99995.0,-99995.0,-99995.0,-99995.0,-99995.0,-99995.0,-99995.0,-99995.0,-99995.0,-99995.0,-99995.0,-99995.0,-99995.0,-99995.0,-99995.0,-99995.0,-99995.0,-99995.0,-99995.0,2024BU00889998,2024
BU00939998,Buitenwater,WK009399,GM0093,Terschelling,-99997,JA,-99997,-99997,-99997,-99997,-99997,-99997,-99997,-99997,-99997,-99997,-99997,-99997,-99997,-99997,-99997,-99997,-99997,-99995,-99995,-99995,-99995,-99997,-99997,-99997,-99997,-99997.0,-99997,-99997,-99997,-99997,-99997,-99997,-99997,-99997,-99995,-99995,-99995,-99995,-99995,-99995,-99995,-99995,-99995,-99995,-99995,-99995,-99995,-99995,-99995,-99995,-99995,-99995,-99995,-99995,-99995,-99995,-99995,-99995,-99995,-99995,-99995,-99995,-99995,-99995,-99995,-99995,-99995,-99995,-99995,-99995,-99995,-99995,-99995,-99995,-99995,-99995,-99995,-99995,-99995,-99995,-99995,-99995,-99995,-99995,-99995,-99995,-99995,-99995,-99995,-99995,-99995,-99995,-99995.0,-99995.0,-99995.0,-99995.0,-99995,-99995.0,-99995,-99995,-99997,-99997.0,-99997,-99997,-99997,-99997,-99997,-99997,-99997,-99995.0,-99995.0,-99995.0,-99995.0,-99995.0,-99995.0,-99995.0,-99995.0,-99995.0,-99995.0,-99995.0,-99995.0,-99995.0,-99995.0,-99995.0,-99995.0,-99995.0,-99995.0,-99995.0,-99995.0,-99995.0,-99995.0,-99995.0,-99995.0,-99995.0,-99995.0,-99995.0,-99995.0,-99995.0,-99995.0,-99995.0,-99995.0,-99995.0,-99995.0,-99995.0,-99995.0,-99995.0,-99995.0,-99995.0,-99995.0,-99995.0,-99995.0,-99995.0,-99995.0,-99995.0,-99995.0,-99995.0,-99995.0,-99995.0,-99995.0,-99995.0,-99995.0,-99995.0,-99995.0,-99995.0,-99995.0,-99995.0,-99995.0,-99995.0,-99995.0,-99995.0,-99995.0,-99995.0,-99995.0,-99995.0,-99995.0,-99995.0,-99995.0,-99995.0,-99995.0,-99995.0,-99995.0,-99995.0,-99995.0,-99995.0,-99995.0,-99995.0,-99995.0,-99995.0,-99995.0,-99995.0,-99995.0,-99995.0,-99995.0,-99995.0,-99995.0,-99995.0,-99995.0,-99995.0,-99995.0,-99995.0,-99995.0,-99995.0,-99995.0,-99995.0,-99995.0,-99995.0,-99995.0,-99995.0,-99995.0,-99995.0,-99995.0,-99995.0,-99995.0,-99995.0,2024BU00939998,2024
BU00969998,Buitenwater,WK009699,GM0096,Vlieland,-99997,JA,-99997,-99997,-99997,-99997,-99997,-99997,-99997,-99997,-99997,-99997,-99997,-99997,-99997,-99997,-99997,-99997,-99997,-99995,-99995,-99995,-99995,-99997,-99997,-99997,-99997,-99997.0,-99997,-99997,-99997,-99997,-99997,-99997,-99997,-99997,-99995,-99995,-99995,-99995,-99995,-99995,-99995,-99995,-99995,-99995,-99995,-99995,-99995,-99995,-99995,-99995,-99995,-99995,-99995,-99995,-99995,-99995,-99995,-99995,-99995,-99995,-99995,-99995,-99995,-99995,-99995,-99995,-99995,-99995,-99995,-99995,-99995,-99995,-99995,-99995,-99995,-99995,-99995,-99995,-99995,-99995,-99995,-99995,-99995,-99995,-99995,-99995,-99995,-99995,-99995,-99995,-99995,-99995,-99995.0,-99995.0,-99995.0,-99995.0,-99995,-99995.0,-99995,-99995,-99997,-99997.0,-99997,-99997,-99997,-99997,-99997,-99997,-99997,-99995.0,-99995.0,-99995.0,-99995.0,-99995.0,-99995.0,-99995.0,-99995.0,-99995.0,-99995.0,-99995.0,-99995.0,-99995.0,-99995.0,-99995.0,-99995.0,-99995.0,-99995.0,-99995.0,-99995.0,-99995.0,-99995.0,-99995.0,-99995.0,-99995.0,-99995.0,-99995.0,-99995.0,-99995.0,-99995.0,-99995.0,-99995.0,-99995.0,-99995.0,-99995.0,-99995.0,-99995.0,-99995.0,-99995.0,-99995.0,-99995.0,-99995.0,-99995.0,-99995.0,-99995.0,-99995.0,-99995.0,-99995.0,-99995.0,-99995.0,-99995.0,-99995.0,-99995.0,-99995.0,-99995.0,-99995.0,-99995.0,-99995.0,-99995.0,-99995.0,-99995.0,-99995.0,-99995.0,-99995.0,-99995.0,-99995.0,-99995.0,-99995.0,-99995.0,-99995.0,-99995.0,-99995.0,-99995.0,-99995.0,-99995.0,-99995.0,-99995.0,-99995.0,-99995.0,-99995.0,-99995.0,-99995.0,-99995.0,-99995.0,-99995.0,-99995.0,-99995.0,-99995.0,-99995.0,-99995.0,-99995.0,-99995.0,-99995.0,-99995.0,-99995.0,-99995.0,-99995.0,-99995.0,-99995.0,-99995.0,-99995.0,-99995.0,-99995.0,-99995.0,-99995.0,2024BU00969998,2024
BU01669997,Groot binnenwater,WK016699,GM0166,Kampen,-99997,JA,-99997,-99997,-99997,-99997,-99997,-99997,-99997,-99997,-99997,-99997,-99997,-99997,-99997,-99997,-99997,-99997,-99997,-99995,-99995,-99995,-99995,-99997,-99997,-99997,-99997,-99997.0,-99997,-99997,-99997,-99997,-99997,-99997,-99997,-99997,-99995,-99995,-99995,-99995,-99995,-99995,-99995,-99995,-99995,-99995,-99995,-99995,-99995,-99995,-99995,-99995,-99995,-99995,-99995,-99995,-99995,-99995,-99995,-99995,-99995,-99995,-99995,-99995,-99995,-99995,-99995,-99995,-99995,-99995,-99995,-99995,-99995,-99995,-99995,-99995,-99995,-99995,-99995,-99995,-99995,-99995,-99995,-99995,-99995,-99995,-99995,-99995,-99995,-99995,-99995,-99995,-99995,-99995,-99995.0,-99995.0,-99995.0,-99995.0,-99995,-99995.0,-99995,-99995,-99997,-99997.0,-99997,-99997,-99997,-99997,-99997,-99997,-99997,-99995.0,-99995.0,-99995.0,-99995.0,-99995.0,-99995.0,-99995.0,-99995.0,-99995.0,-99995.0,-99995.0,-99995.0,-99995.0,-99995.0,-99995.0,-99995.0,-99995.0,-99995.0,-99995.0,-99995.0,-99995.0,-99995.0,-99995.0,-99995.0,-99995.0,-99995.0,-99995.0,-99995.0,-99995.0,-99995.0,-99995.0,-99995.0,-99995.0,-99995.0,-99995.0,-99995.0,-99995.0,-99995.0,-99995.0,-99995.0,-99995.0,-99995.0,-99995.0,-99995.0,-99995.0,-99995.0,-99995.0,-99995.0,-99995.0,-99995.0,-99995.0,-99995.0,-99995.0,-99995.0,-99995.0,-99995.0,-99995.0,-99995.0,-99995.0,-99995.0,-99995.0,-99995.0,-99995.0,-99995.0,-99995.0,-99995.0,-99995.0,-99995.0,-99995.0,-99995.0,-99995.0,-99995.0,-99995.0,-99995.0,-99995.0,-99995.0,-99995.0,-99995.0,-99995.0,-99995.0,-99995.0,-99995.0,-99995.0,-99995.0,-99995.0,-99995.0,-99995.0,-99995.0,-99995.0,-99995.0,-99995.0,-99995.0,-99995.0,-99995.0,-99995.0,-99995.0,-99995.0,-99995.0,-99995.0,-99995.0,-99995.0,-99995.0,-99995.0,-99995.0,-99995.0,2024BU01669997,2024
BU01719997,Groot binnenwater,WK017199,GM0171,Noordoostpolder,-99997,JA,-99997,-99997,-99997,-99997,-99997,-99997,-99997,-99997,-99997,-99997,-99997,-99997,-99997,-99997,-99997,-99997,-99997,-99995,-99995,-99995,-99995,-99997,-99997,-99997,-99997,-99997.0,-99997,-99997,-99997,-99997,-99997,-99997,-99997,-99997,-99995,-99995,-99995,-99995,-99995,-99995,-99995,-99995,-99995,-99995,-99995,-99995,-99995,-99995,-99995,-99995,-99995,-99995,-99995,-99995,-99995,-99995,-99995,-99995,-99995,-99995,-99995,-99995,-99995,-99995,-99995,-99995,-99995,-99995,-99995,-99995,-99995,-99995,-99995,-99995,-99995,-99995,-99995,-99995,-99995,-99995,-99995,-99995,-99995,-99995,-99995,-99995,-99995,-99995,-99995,-99995,-99995,-99995,-99995.0,-99995.0,-99995.0,-99995.0,-99995,-99995.0,-99995,-99995,-99997,-99997.0,-99997,-99997,-99997,-99997,-99997,-99997,-99997,-99995.0,-99995.0,-99995.0,-99995.0,-99995.0,-99995.0,-99995.0,-99995.0,-99995.0,-99995.0,-99995.0,-99995.0,-99995.0,-99995.0,-99995.0,-99995.0,-99995.0,-99995.0,-99995.0,-99995.0,-99995.0,-99995.0,-99995.0,-99995.0,-99995.0,-99995.0,-99995.0,-99995.0,-99995.0,-99995.0,-99995.0,-99995.0,-99995.0,-99995.0,-99995.0,-99995.0,-99995.0,-99995.0,-99995.0,-99995.0,-99995.0,-99995.0,-99995.0,-99995.0,-99995.0,-99995.0,-99995.0,-99995.0,-99995.0,-99995.0,-99995.0,-99995.0,-99995.0,-99995.0,-99995.0,-99995.0,-99995.0,-99995.0,-99995.0,-99995.0,-99995.0,-99995.0,-99995.0,-99995.0,-99995.0,-99995.0,-99995.0,-99995.0,-99995.0,-99995.0,-99995.0,-99995.0,-99995.0,-99995.0,-99995.0,-99995.0,-99995.0,-99995.0,-99995.0,-99995.0,-99995.0,-99995.0,-99995.0,-99995.0,-99995.0,-99995.0,-99995.0,-99995.0,-99995.0,-99995.0,-99995.0,-99995.0,-99995.0,-99995.0,-99995.0,-99995.0,-99995.0,-99995.0,-99995.0,-99995.0,-99995.0,-99995.0,-99995.0,-99995.0,-99995.0,2024BU01719997,2024
BU01849997,Groot binnenwater,WK018499,GM0184,Urk,-99997,JA,-99997,-99997,-99997,-99997,-99997,-99997,-99997,-99997,-99997,-99997,-99997,-99997,-99997,-99997,-99997,-99997,-99997,-99995,-99995,-99995,-99995,-99997,-99997,-99997,-99997,-99997.0,-99997,-99997,-99997,-99997,-99997,-99997,-99997,-99997,-99995,-99995,-99995,-99995,-99995,-99995,-99995,-99995,-99995,-99995,-99995,-99995,-99995,-99995,-99995,-99995,-99995,-99995,-99995,-99995,-99995,-99995,-99995,-99995,-99995,-99995,-99995,-99995,-99995,-99995,-99995,-99995,-99995,-99995,-99995,-99995,-99995,-99995,-99995,-99995,-99995,-99995,-99995,-99995,-99995,-99995,-99995,-99995,-99995,-99995,-99995,-99995,-99995,-99995,-99995,-99995,-99995,-99995,-99995.0,-99995.0,-99995.0,-99995.0,-99995,-99995.0,-99995,-99995,-99997,-99997.0,-99997,-99997,-99997,-99997,-99997,-99997,-99997,-99995.0,-99995.0,-99995.0,-99995.0,-99995.0,-99995.0,-99995.0,-99995.0,-99995.0,-99995.0,-99995.0,-99995.0,-99995.0,-99995.0,-99995.0,-99995.0,-99995.0,-99995.0,-99995.0,-99995.0,-99995.0,-99995.0,-99995.0,-99995.0,-99995.0,-99995.0,-99995.0,-99995.0,-99995.0,-99995.0,-99995.0,-99995.0,-99995.0,-99995.0,-99995.0,-99995.0,-99995.0,-99995.0,-99995.0,-99995.0,-99995.0,-99995.0,-99995.0,-99995.0,-99995.0,-99995.0,-99995.0,-99995.0,-99995.0,-99995.0,-99995.0,-99995.0,-99995.0,-99995.0,-99995.0,-99995.0,-99995.0,-99995.0,-99995.0,-99995.0,-99995.0,-99995.0,-99995.0,-99995.0,-99995.0,-99995.0,-99995.0,-99995.0,-99995.0,-99995.0,-99995.0,-99995.0,-99995.0,-99995.0,-99995.0,-99995.0,-99995.0,-99995.0,-99995.0,-99995.0,-99995.0,-99995.0,-99995.0,-99995.0,-99995.0,-99995.0,-99995.0,-99995.0,-99995.0,-99995.0,-99995.0,-99995.0,-99995.0,-99995.0,-99995.0,-99995.0,-99995.0,-99995.0,-99995.0,-99995.0,-99995.0,-99995.0,-99995.0,-99995.0,-99995.0,2024BU01849997,2024
BU02309997,Groot binnenwater,WK023099,GM0230,Elburg,-99997,JA,-99997,-99997,-99997,-99997,-99997,-99997,-99997,-99997,-99997,-99997,-99997,-99997,-99997,-99997,-99997,-99997,-99997,-99995,-99995,-99995,-99995,-99997,-99997,-99997,-99997,-99997.0,-99997,-99997,-99997,-99997,-99997,-99997,-99997,-99997,-99995,-99995,-99995,-99995,-99995,-99995,-99995,-99995,-99995,-99995,-99995,-99995,-99995,-99995,-99995,-99995,-99995,-99995,-99995,-99995,-99995,-99995,-99995,-99995,-99995,-99995,-99995,-99995,-99995,-99995,-99995,-99995,-99995,-99995,-99995,-99995,-99995,-99995,-99995,-99995,-99995,-99995,-99995,-99995,-99995,-99995,-99995,-99995,-99995,-99995,-99995,-99995,-99995,-99995,-99995,-99995,-99995,-99995,-99995.0,-99995.0,-99995.0,-99995.0,-99995,-99995.0,-99995,-99995,-99997,-99997.0,-99997,-99997,-99997,-99997,-99997,-99997,-99997,-99995.0,-99995.0,-99995.0,-99995.0,-99995.0,-99995.0,-99995.0,-99995.0,-99995.0,-99995.0,-99995.0,-99995.0,-99995.0,-99995.0,-99995.0,-99995.0,-99995.0,-99995.0,-99995.0,-99995.0,-99995.0,-99995.0,-99995.0,-99995.0,-99995.0,-99995.0,-99995.0,-99995.0,-99995.0,-99995.0,-99995.0,-99995.0,-99995.0,-99995.0,-99995.0,-99995.0,-99995.0,-99995.0,-99995.0,-99995.0,-99995.0,-99995.0,-99995.0,-99995.0,-99995.0,-99995.0,-99995.0,-99995.0,-99995.0,-99995.0,-99995.0,-99995.0,-99995.0,-99995.0,-99995.0,-99995.0,-99995.0,-99995.0,-99995.0,-99995.0,-99995.0,-99995.0,-99995.0,-99995.0,-99995.0,-99995.0,-99995.0,-99995.0,-99995.0,-99995.0,-99995.0,-99995.0,-99995.0,-99995.0,-99995.0,-99995.0,-99995.0,-99995.0,-99995.0,-99995.0,-99995.0,-99995.0,-99995.0,-99995.0,-99995.0,-99995.0,-99995.0,-99995.0,-99995.0,-99995.0,-99995.0,-99995.0,-99995.0,-99995.0,-99995.0,-99995.0,-99995.0,-99995.0,-99995.0,-99995.0,-99995.0,-99995.0,-99995.0,-99995.0,-99995.0,2024BU02309997,2024
BU02339997,Groot binnenwater,WK023399,GM0233,Ermelo,-99997,JA,-99997,-99997,-99997,-99997,-99997,-99997,-99997,-99997,-99997,-99997,-99997,-99997,-99997,-99997,-99997,-99997,-99997,-99995,-99995,-99995,-99995,-99997,-99997,-99997,-99997,-99997.0,-99997,-99997,-99997,-99997,-99997,-99997,-99997,-99997,-99995,-99995,-99995,-99995,-99995,-99995,-99995,-99995,-99995,-99995,-99995,-99995,-99995,-99995,-99995,-99995,-99995,-99995,-99995,-99995,-99995,-99995,-99995,-99995,-99995,-99995,-99995,-99995,-99995,-99995,-99995,-99995,-99995,-99995,-99995,-99995,-99995,-99995,-99995,-99995,-99995,-99995,-99995,-99995,-99995,-99995,-99995,-99995,-99995,-99995,-99995,-99995,-99995,-99995,-99995,-99995,-99995,-99995,-99995.0,-99995.0,-99995.0,-99995.0,-99995,-99995.0,-99995,-99995,-99997,-99997.0,-99997,-99997,-99997,-99997,-99997,-99997,-99997,-99995.0,-99995.0,-99995.0,-99995.0,-99995.0,-99995.0,-99995.0,-99995.0,-99995.0,-99995.0,-99995.0,-99995.0,-99995.0,-99995.0,-99995.0,-99995.0,-99995.0,-99995.0,-99995.0,-99995.0,-99995.0,-99995.0,-99995.0,-99995.0,-99995.0,-99995.0,-99995.0,-99995.0,-99995.0,-99995.0,-99995.0,-99995.0,-99995.0,-99995.0,-99995.0,-99995.0,-99995.0,-99995.0,-99995.0,-99995.0,-99995.0,-99995.0,-99995.0,-99995.0,-99995.0,-99995.0,-99995.0,-99995.0,-99995.0,-99995.0,-99995.0,-99995.0,-99995.0,-99995.0,-99995.0,-99995.0,-99995.0,-99995.0,-99995.0,-99995.0,-99995.0,-99995.0,-99995.0,-99995.0,-99995.0,-99995.0,-99995.0,-99995.0,-99995.0,-99995.0,-99995.0,-99995.0,-99995.0,-99995.0,-99995.0,-99995.0,-99995.0,-99995.0,-99995.0,-99995.0,-99995.0,-99995.0,-99995.0,-99995.0,-99995.0,-99995.0,-99995.0,-99995.0,-99995.0,-99995.0,-99995.0,-99995.0,-99995.0,-99995.0,-99995.0,-99995.0,-99995.0,-99995.0,-99995.0,-99995.0,-99995.0,-99995.0,-99995.0,-99995.0,-99995.0,2024BU02339997,2024
BU02439997,Groot binnenwater,WK024399,GM0243,Harderwijk,-99997,JA,-99997,-99997,-99997,-99997,-99997,-99997,-99997,-99997,-99997,-99997,-99997,-99997,-99997,-99997,-99997,-99997,-99997,-99995,-99995,-99995,-99995,-99997,-99997,-99997,-99997,-99997.0,-99997,-99997,-99997,-99997,-99997,-99997,-99997,-99997,-99995,-99995,-99995,-99995,-99995,-99995,-99995,-99995,-99995,-99995,-99995,-99995,-99995,-99995,-99995,-99995,-99995,-99995,-99995,-99995,-99995,-99995,-99995,-99995,-99995,-99995,-99995,-99995,-99995,-99995,-99995,-99995,-99995,-99995,-99995,-99995,-99995,-99995,-99995,-99995,-99995,-99995,-99995,-99995,-99995,-99995,-99995,-99995,-99995,-99995,-99995,-99995,-99995,-99995,-99995,-99995,-99995,-99995,-99995.0,-99995.0,-99995.0,-99995.0,-99995,-99995.0,-99995,-99995,-99997,-99997.0,-99997,-99997,-99997,-99997,-99997,-99997,-99997,-99995.0,-99995.0,-99995.0,-99995.0,-99995.0,-99995.0,-99995.0,-99995.0,-99995.0,-99995.0,-99995.0,-99995.0,-99995.0,-99995.0,-99995.0,-99995.0,-99995.0,-99995.0,-99995.0,-99995.0,-99995.0,-99995.0,-99995.0,-99995.0,-99995.0,-99995.0,-99995.0,-99995.0,-99995.0,-99995.0,-99995.0,-99995.0,-99995.0,-99995.0,-99995.0,-99995.0,-99995.0,-99995.0,-99995.0,-99995.0,-99995.0,-99995.0,-99995.0,-99995.0,-99995.0,-99995.0,-99995.0,-99995.0,-99995.0,-99995.0,-99995.0,-99995.0,-99995.0,-99995.0,-99995.0,-99995.0,-99995.0,-99995.0,-99995.0,-99995.0,-99995.0,-99995.0,-99995.0,-99995.0,-99995.0,-99995.0,-99995.0,-99995.0,-99995.0,-99995.0,-99995.0,-99995.0,-99995.0,-99995.0,-99995.0,-99995.0,-99995.0,-99995.0,-99995.0,-99995.0,-99995.0,-99995.0,-99995.0,-99995.0,-99995.0,-99995.0,-99995.0,-99995.0,-99995.0,-99995.0,-99995.0,-99995.0,-99995.0,-99995.0,-99995.0,-99995.0,-99995.0,-99995.0,-99995.0,-99995.0,-99995.0,-99995.0,-99995.0,-99995.0,-99995.0,2024BU02439997,2024
BU02679997,Groot binnenwater,WK026799,GM0267,Nijkerk,-99997,JA,-99997,-99997,-99997,-99997,-99997,-99997,-99997,-99997,-99997,-99997,-99997,-99997,-99997,-99997,-99997,-99997,-99997,-99995,-99995,-99995,-99995,-99997,-99997,-99997,-99997,-99997.0,-99997,-99997,-99997,-99997,-99997,-99997,-99997,-99997,-99995,-99995,-99995,-99995,-99995,-99995,-99995,-99995,-99995,-99995,-99995,-99995,-99995,-99995,-99995,-99995,-99995,-99995,-99995,-99995,-99995,-99995,-99995,-99995,-99995,-99995,-99995,-99995,-99995,-99995,-99995,-99995,-99995,-99995,-99995,-99995,-99995,-99995,-99995,-99995,-99995,-99995,-99995,-99995,-99995,-99995,-99995,-99995,-99995,-99995,-99995,-99995,-99995,-99995,-99995,-99995,-99995,-99995,-99995.0,-99995.0,-99995.0,-99995.0,-99995,-99995.0,-99995,-99995,-99997,-99997.0,-99997,-99997,-99997,-99997,-99997,-99997,-99997,-99995.0,-99995.0,-99995.0,-99995.0,-99995.0,-99995.0,-99995.0,-99995.0,-99995.0,-99995.0,-99995.0,-99995.0,-99995.0,-99995.0,-99995.0,-99995.0,-99995.0,-99995.0,-99995.0,-99995.0,-99995.0,-99995.0,-99995.0,-99995.0,-99995.0,-99995.0,-99995.0,-99995.0,-99995.0,-99995.0,-99995.0,-99995.0,-99995.0,-99995.0,-99995.0,-99995.0,-99995.0,-99995.0,-99995.0,-99995.0,-99995.0,-99995.0,-99995.0,-99995.0,-99995.0,-99995.0,-99995.0,-99995.0,-99995.0,-99995.0,-99995.0,-99995.0,-99995.0,-99995.0,-99995.0,-99995.0,-99995.0,-99995.0,-99995.0,-99995.0,-99995.0,-99995.0,-99995.0,-99995.0,-99995.0,-99995.0,-99995.0,-99995.0,-99995.0,-99995.0,-99995.0,-99995.0,-99995.0,-99995.0,-99995.0,-99995.0,-99995.0,-99995.0,-99995.0,-99995.0,-99995.0,-99995.0,-99995.0,-99995.0,-99995.0,-99995.0,-99995.0,-99995.0,-99995.0,-99995.0,-99995.0,-99995.0,-99995.0,-99995.0,-99995.0,-99995.0,-99995.0,-99995.0,-99995.0,-99995.0,-99995.0,-99995.0,-99995.0,-99995.0,-99995.0,2024BU02679997,2024
BU02699997,Groot binnenwater,WK026999,GM0269,Oldebroek,-99997,JA,-99997,-99997,-99997,-99997,-99997,-99997,-99997,-99997,-99997,-99997,-99997,-99997,-99997,-99997,-99997,-99997,-99997,-99995,-99995,-99995,-99995,-99997,-99997,-99997,-99997,-99997.0,-99997,-99997,-99997,-99997,-99997,-99997,-99997,-99997,-99995,-99995,-99995,-99995,-99995,-99995,-99995,-99995,-99995,-99995,-99995,-99995,-99995,-99995,-99995,-99995,-99995,-99995,-99995,-99995,-99995,-99995,-99995,-99995,-99995,-99995,-99995,-99995,-99995,-99995,-99995,-99995,-99995,-99995,-99995,-99995,-99995,-99995,-99995,-99995,-99995,-99995,-99995,-99995,-99995,-99995,-99995,-99995,-99995,-99995,-99995,-99995,-99995,-99995,-99995,-99995,-99995,-99995,-99995.0,-99995.0,-99995.0,-99995.0,-99995,-99995.0,-99995,-99995,-99997,-99997.0,-99997,-99997,-99997,-99997,-99997,-99997,-99997,-99995.0,-99995.0,-99995.0,-99995.0,-99995.0,-99995.0,-99995.0,-99995.0,-99995.0,-99995.0,-99995.0,-99995.0,-99995.0,-99995.0,-99995.0,-99995.0,-99995.0,-99995.0,-99995.0,-99995.0,-99995.0,-99995.0,-99995.0,-99995.0,-99995.0,-99995.0,-99995.0,-99995.0,-99995.0,-99995.0,-99995.0,-99995.0,-99995.0,-99995.0,-99995.0,-99995.0,-99995.0,-99995.0,-99995.0,-99995.0,-99995.0,-99995.0,-99995.0,-99995.0,-99995.0,-99995.0,-99995.0,-99995.0,-99995.0,-99995.0,-99995.0,-99995.0,-99995.0,-99995.0,-99995.0,-99995.0,-99995.0,-99995.0,-99995.0,-99995.0,-99995.0,-99995.0,-99995.0,-99995.0,-99995.0,-99995.0,-99995.0,-99995.0,-99995.0,-99995.0,-99995.0,-99995.0,-99995.0,-99995.0,-99995.0,-99995.0,-99995.0,-99995.0,-99995.0,-99995.0,-99995.0,-99995.0,-99995.0,-99995.0,-99995.0,-99995.0,-99995.0,-99995.0,-99995.0,-99995.0,-99995.0,-99995.0,-99995.0,-99995.0,-99995.0,-99995.0,-99995.0,-99995.0,-99995.0,-99995.0,-99995.0,-99995.0,-99995.0,-99995.0,-99995.0,2024BU02699997,2024
BU02739997,Groot binnenwater,WK027399,GM0273,Putten,-99997,JA,-99997,-99997,-99997,-99997,-99997,-99997,-99997,-99997,-99997,-99997,-99997,-99997,-99997,-99997,-99997,-99997,-99997,-99995,-99995,-99995,-99995,-99997,-99997,-99997,-99997,-99997.0,-99997,-99997,-99997,-99997,-99997,-99997,-99997,-99997,-99995,-99995,-99995,-99995,-99995,-99995,-99995,-99995,-99995,-99995,-99995,-99995,-99995,-99995,-99995,-99995,-99995,-99995,-99995,-99995,-99995,-99995,-99995,-99995,-99995,-99995,-99995,-99995,-99995,-99995,-99995,-99995,-99995,-99995,-99995,-99995,-99995,-99995,-99995,-99995,-99995,-99995,-99995,-99995,-99995,-99995,-99995,-99995,-99995,-99995,-99995,-99995,-99995,-99995,-99995,-99995,-99995,-99995,-99995.0,-99995.0,-99995.0,-99995.0,-99995,-99995.0,-99995,-99995,-99997,-99997.0,-99997,-99997,-99997,-99997,-99997,-99997,-99997,-99995.0,-99995.0,-99995.0,-99995.0,-99995.0,-99995.0,-99995.0,-99995.0,-99995.0,-99995.0,-99995.0,-99995.0,-99995.0,-99995.0,-99995.0,-99995.0,-99995.0,-99995.0,-99995.0,-99995.0,-99995.0,-99995.0,-99995.0,-99995.0,-99995.0,-99995.0,-99995.0,-99995.0,-99995.0,-99995.0,-99995.0,-99995.0,-99995.0,-99995.0,-99995.0,-99995.0,-99995.0,-99995.0,-99995.0,-99995.0,-99995.0,-99995.0,-99995.0,-99995.0,-99995.0,-99995.0,-99995.0,-99995.0,-99995.0,-99995.0,-99995.0,-99995.0,-99995.0,-99995.0,-99995.0,-99995.0,-99995.0,-99995.0,-99995.0,-99995.0,-99995.0,-99995.0,-99995.0,-99995.0,-99995.0,-99995.0,-99995.0,-99995.0,-99995.0,-99995.0,-99995.0,-99995.0,-99995.0,-99995.0,-99995.0,-99995.0,-99995.0,-99995.0,-99995.0,-99995.0,-99995.0,-99995.0,-99995.0,-99995.0,-99995.0,-99995.0,-99995.0,-99995.0,-99995.0,-99995.0,-99995.0,-99995.0,-99995.0,-99995.0,-99995.0,-99995.0,-99995.0,-99995.0,-99995.0,-99995.0,-99995.0,-99995.0,-99995.0,-99995.0,-99995.0,2024BU02739997,2024
BU03029997,Groot binnenwater,WK030299,GM0302,Nunspeet,-99997,JA,-99997,-99997,-99997,-99997,-99997,-99997,-99997,-99997,-99997,-99997,-99997,-99997,-99997,-99997,-99997,-99997,-99997,-99995,-99995,-99995,-99995,-99997,-99997,-99997,-99997,-99997.0,-99997,-99997,-99997,-99997,-99997,-99997,-99997,-99997,-99995,-99995,-99995,-99995,-99995,-99995,-99995,-99995,-99995,-99995,-99995,-99995,-99995,-99995,-99995,-99995,-99995,-99995,-99995,-99995,-99995,-99995,-99995,-99995,-99995,-99995,-99995,-99995,-99995,-99995,-99995,-99995,-99995,-99995,-99995,-99995,-99995,-99995,-99995,-99995,-99995,-99995,-99995,-99995,-99995,-99995,-99995,-99995,-99995,-99995,-99995,-99995,-99995,-99995,-99995,-99995,-99995,-99995,-99995.0,-99995.0,-99995.0,-99995.0,-99995,-99995.0,-99995,-99995,-99997,-99997.0,-99997,-99997,-99997,-99997,-99997,-99997,-99997,-99995.0,-99995.0,-99995.0,-99995.0,-99995.0,-99995.0,-99995.0,-99995.0,-99995.0,-99995.0,-99995.0,-99995.0,-99995.0,-99995.0,-99995.0,-99995.0,-99995.0,-99995.0,-99995.0,-99995.0,-99995.0,-99995.0,-99995.0,-99995.0,-99995.0,-99995.0,-99995.0,-99995.0,-99995.0,-99995.0,-99995.0,-99995.0,-99995.0,-99995.0,-99995.0,-99995.0,-99995.0,-99995.0,-99995.0,-99995.0,-99995.0,-99995.0,-99995.0,-99995.0,-99995.0,-99995.0,-99995.0,-99995.0,-99995.0,-99995.0,-99995.0,-99995.0,-99995.0,-99995.0,-99995.0,-99995.0,-99995.0,-99995.0,-99995.0,-99995.0,-99995.0,-99995.0,-99995.0,-99995.0,-99995.0,-99995.0,-99995.0,-99995.0,-99995.0,-99995.0,-99995.0,-99995.0,-99995.0,-99995.0,-99995.0,-99995.0,-99995.0,-99995.0,-99995.0,-99995.0,-99995.0,-99995.0,-99995.0,-99995.0,-99995.0,-99995.0,-99995.0,-99995.0,-99995.0,-99995.0,-99995.0,-99995.0,-99995.0,-99995.0,-99995.0,-99995.0,-99995.0,-99995.0,-99995.0,-99995.0,-99995.0,-99995.0,-99995.0,-99995.0,-99995.0,2024BU03029997,2024
BU03039997,Groot binnenwater,WK030399,GM0303,Dronten,-99997,JA,-99997,-99997,-99997,-99997,-99997,-99997,-99997,-99997,-99997,-99997,-99997,-99997,-99997,-99997,-99997,-99997,-99997,-99995,-99995,-99995,-99995,-99997,-99997,-99997,-99997,-99997.0,-99997,-99997,-99997,-99997,-99997,-99997,-99997,-99997,-99995,-99995,-99995,-99995,-99995,-99995,-99995,-99995,-99995,-99995,-99995,-99995,-99995,-99995,-99995,-99995,-99995,-99995,-99995,-99995,-99995,-99995,-99995,-99995,-99995,-99995,-99995,-99995,-99995,-99995,-99995,-99995,-99995,-99995,-99995,-99995,-99995,-99995,-99995,-99995,-99995,-99995,-99995,-99995,-99995,-99995,-99995,-99995,-99995,-99995,-99995,-99995,-99995,-99995,-99995,-99995,-99995,-99995,-99995.0,-99995.0,-99995.0,-99995.0,-99995,-99995.0,-99995,-99995,-99997,-99997.0,-99997,-99997,-99997,-99997,-99997,-99997,-99997,-99995.0,-99995.0,-99995.0,-99995.0,-99995.0,-99995.0,-99995.0,-99995.0,-99995.0,-99995.0,-99995.0,-99995.0,-99995.0,-99995.0,-99995.0,-99995.0,-99995.0,-99995.0,-99995.0,-99995.0,-99995.0,-99995.0,-99995.0,-99995.0,-99995.0,-99995.0,-99995.0,-99995.0,-99995.0,-99995.0,-99995.0,-99995.0,-99995.0,-99995.0,-99995.0,-99995.0,-99995.0,-99995.0,-99995.0,-99995.0,-99995.0,-99995.0,-99995.0,-99995.0,-99995.0,-99995.0,-99995.0,-99995.0,-99995.0,-99995.0,-99995.0,-99995.0,-99995.0,-99995.0,-99995.0,-99995.0,-99995.0,-99995.0,-99995.0,-99995.0,-99995.0,-99995.0,-99995.0,-99995.0,-99995.0,-99995.0,-99995.0,-99995.0,-99995.0,-99995.0,-99995.0,-99995.0,-99995.0,-99995.0,-99995.0,-99995.0,-99995.0,-99995.0,-99995.0,-99995.0,-99995.0,-99995.0,-99995.0,-99995.0,-99995.0,-99995.0,-99995.0,-99995.0,-99995.0,-99995.0,-99995.0,-99995.0,-99995.0,-99995.0,-99995.0,-99995.0,-99995.0,-99995.0,-99995.0,-99995.0,-99995.0,-99995.0,-99995.0,-99995.0,-99995.0,2024BU03039997,2024
BU03139997,Groot binnenwater,WK031399,GM0313,Bunschoten,-99997,JA,-99997,-99997,-99997,-99997,-99997,-99997,-99997,-99997,-99997,-99997,-99997,-99997,-99997,-99997,-99997,-99997,-99997,-99995,-99995,-99995,-99995,-99997,-99997,-99997,-99997,-99997.0,-99997,-99997,-99997,-99997,-99997,-99997,-99997,-99997,-99995,-99995,-99995,-99995,-99995,-99995,-99995,-99995,-99995,-99995,-99995,-99995,-99995,-99995,-99995,-99995,-99995,-99995,-99995,-99995,-99995,-99995,-99995,-99995,-99995,-99995,-99995,-99995,-99995,-99995,-99995,-99995,-99995,-99995,-99995,-99995,-99995,-99995,-99995,-99995,-99995,-99995,-99995,-99995,-99995,-99995,-99995,-99995,-99995,-99995,-99995,-99995,-99995,-99995,-99995,-99995,-99995,-99995,-99995.0,-99995.0,-99995.0,-99995.0,-99995,-99995.0,-99995,-99995,-99997,-99997.0,-99997,-99997,-99997,-99997,-99997,-99997,-99997,-99995.0,-99995.0,-99995.0,-99995.0,-99995.0,-99995.0,-99995.0,-99995.0,-99995.0,-99995.0,-99995.0,-99995.0,-99995.0,-99995.0,-99995.0,-99995.0,-99995.0,-99995.0,-99995.0,-99995.0,-99995.0,-99995.0,-99995.0,-99995.0,-99995.0,-99995.0,-99995.0,-99995.0,-99995.0,-99995.0,-99995.0,-99995.0,-99995.0,-99995.0,-99995.0,-99995.0,-99995.0,-99995.0,-99995.0,-99995.0,-99995.0,-99995.0,-99995.0,-99995.0,-99995.0,-99995.0,-99995.0,-99995.0,-99995.0,-99995.0,-99995.0,-99995.0,-99995.0,-99995.0,-99995.0,-99995.0,-99995.0,-99995.0,-99995.0,-99995.0,-99995.0,-99995.0,-99995.0,-99995.0,-99995.0,-99995.0,-99995.0,-99995.0,-99995.0,-99995.0,-99995.0,-99995.0,-99995.0,-99995.0,-99995.0,-99995.0,-99995.0,-99995.0,-99995.0,-99995.0,-99995.0,-99995.0,-99995.0,-99995.0,-99995.0,-99995.0,-99995.0,-99995.0,-99995.0,-99995.0,-99995.0,-99995.0,-99995.0,-99995.0,-99995.0,-99995.0,-99995.0,-99995.0,-99995.0,-99995.0,-99995.0,-99995.0,-99995.0,-99995.0,-99995.0,2024BU03139997,2024
BU03179997,Groot binnenwater,WK031799,GM0317,Eemnes,-99997,JA,-99997,-99997,-99997,-99997,-99997,-99997,-99997,-99997,-99997,-99997,-99997,-99997,-99997,-99997,-99997,-99997,-99997,-99995,-99995,-99995,-99995,-99997,-99997,-99997,-99997,-99997.0,-99997,-99997,-99997,-99997,-99997,-99997,-99997,-99997,-99995,-99995,-99995,-99995,-99995,-99995,-99995,-99995,-99995,-99995,-99995,-99995,-99995,-99995,-99995,-99995,-99995,-99995,-99995,-99995,-99995,-99995,-99995,-99995,-99995,-99995,-99995,-99995,-99995,-99995,-99995,-99995,-99995,-99995,-99995,-99995,-99995,-99995,-99995,-99995,-99995,-99995,-99995,-99995,-99995,-99995,-99995,-99995,-99995,-99995,-99995,-99995,-99995,-99995,-99995,-99995,-99995,-99995,-99995.0,-99995.0,-99995.0,-99995.0,-99995,-99995.0,-99995,-99995,-99997,-99997.0,-99997,-99997,-99997,-99997,-99997,-99997,-99997,-99995.0,-99995.0,-99995.0,-99995.0,-99995.0,-99995.0,-99995.0,-99995.0,-99995.0,-99995.0,-99995.0,-99995.0,-99995.0,-99995.0,-99995.0,-99995.0,-99995.0,-99995.0,-99995.0,-99995.0,-99995.0,-99995.0,-99995.0,-99995.0,-99995.0,-99995.0,-99995.0,-99995.0,-99995.0,-99995.0,-99995.0,-99995.0,-99995.0,-99995.0,-99995.0,-99995.0,-99995.0,-99995.0,-99995.0,-99995.0,-99995.0,-99995.0,-99995.0,-99995.0,-99995.0,-99995.0,-99995.0,-99995.0,-99995.0,-99995.0,-99995.0,-99995.0,-99995.0,-99995.0,-99995.0,-99995.0,-99995.0,-99995.0,-99995.0,-99995.0,-99995.0,-99995.0,-99995.0,-99995.0,-99995.0,-99995.0,-99995.0,-99995.0,-99995.0,-99995.0,-99995.0,-99995.0,-99995.0,-99995.0,-99995.0,-99995.0,-99995.0,-99995.0,-99995.0,-99995.0,-99995.0,-99995.0,-99995.0,-99995.0,-99995.0,-99995.0,-99995.0,-99995.0,-99995.0,-99995.0,-99995.0,-99995.0,-99995.0,-99995.0,-99995.0,-99995.0,-99995.0,-99995.0,-99995.0,-99995.0,-99995.0,-99995.0,-99995.0,-99995.0,-99995.0,2024BU03179997,2024
BU03639997,Groot binnenwater,WK036399,GM0363,Amsterdam,-99997,JA,-99997,-99997,-99997,-99997,-99997,-99997,-99997,-99997,-99997,-99997,-99997,-99997,-99997,-99997,-99997,-99997,-99997,-99995,-99995,-99995,-99995,-99997,-99997,-99997,-99997,-99997.0,-99997,-99997,-99997,-99997,-99997,-99997,-99997,-99997,-99995,-99995,-99995,-99995,-99995,-99995,-99995,-99995,-99995,-99995,-99995,-99995,-99995,-99995,-99995,-99995,-99995,-99995,-99995,-99995,-99995,-99995,-99995,-99995,-99995,-99995,-99995,-99995,-99995,-99995,-99995,-99995,-99995,-99995,-99995,-99995,-99995,-99995,-99995,-99995,-99995,-99995,-99995,-99995,-99995,-99995,-99995,-99995,-99995,-99995,-99995,-99995,-99995,-99995,-99995,-99995,-99995,-99995,-99995.0,-99995.0,-99995.0,-99995.0,-99995,-99995.0,-99995,-99995,-99997,-99997.0,-99997,-99997,-99997,-99997,-99997,-99997,-99997,-99995.0,-99995.0,-99995.0,-99995.0,-99995.0,-99995.0,-99995.0,-99995.0,-99995.0,-99995.0,-99995.0,-99995.0,-99995.0,-99995.0,-99995.0,-99995.0,-99995.0,-99995.0,-99995.0,-99995.0,-99995.0,-99995.0,-99995.0,-99995.0,-99995.0,-99995.0,-99995.0,-99995.0,-99995.0,-99995.0,-99995.0,-99995.0,-99995.0,-99995.0,-99995.0,-99995.0,-99995.0,-99995.0,-99995.0,-99995.0,-99995.0,-99995.0,-99995.0,-99995.0,-99995.0,-99995.0,-99995.0,-99995.0,-99995.0,-99995.0,-99995.0,-99995.0,-99995.0,-99995.0,-99995.0,-99995.0,-99995.0,-99995.0,-99995.0,-99995.0,-99995.0,-99995.0,-99995.0,-99995.0,-99995.0,-99995.0,-99995.0,-99995.0,-99995.0,-99995.0,-99995.0,-99995.0,-99995.0,-99995.0,-99995.0,-99995.0,-99995.0,-99995.0,-99995.0,-99995.0,-99995.0,-99995.0,-99995.0,-99995.0,-99995.0,-99995.0,-99995.0,-99995.0,-99995.0,-99995.0,-99995.0,-99995.0,-99995.0,-99995.0,-99995.0,-99995.0,-99995.0,-99995.0,-99995.0,-99995.0,-99995.0,-99995.0,-99995.0,-99995.0,-99995.0,2024BU03639997,2024
BU03639998,Groot binnenwater,WK036399,GM0363,Amsterdam,-99997,JA,-99997,-99997,-99997,-99997,-99997,-99997,-99997,-99997,-99997,-99997,-99997,-99997,-99997,-99997,-99997,-99997,-99997,-99995,-99995,-99995,-99995,-99997,-99997,-99997,-99997,-99997.0,-99997,-99997,-99997,-99997,-99997,-99997,-99997,-99997,-99995,-99995,-99995,-99995,-99995,-99995,-99995,-99995,-99995,-99995,-99995,-99995,-99995,-99995,-99995,-99995,-99995,-99995,-99995,-99995,-99995,-99995,-99995,-99995,-99995,-99995,-99995,-99995,-99995,-99995,-99995,-99995,-99995,-99995,-99995,-99995,-99995,-99995,-99995,-99995,-99995,-99995,-99995,-99995,-99995,-99995,-99995,-99995,-99995,-99995,-99995,-99995,-99995,-99995,-99995,-99995,-99995,-99995,-99995.0,-99995.0,-99995.0,-99995.0,-99995,-99995.0,-99995,-99995,-99997,-99997.0,-99997,-99997,-99997,-99997,-99997,-99997,-99997,-99995.0,-99995.0,-99995.0,-99995.0,-99995.0,-99995.0,-99995.0,-99995.0,-99995.0,-99995.0,-99995.0,-99995.0,-99995.0,-99995.0,-99995.0,-99995.0,-99995.0,-99995.0,-99995.0,-99995.0,-99995.0,-99995.0,-99995.0,-99995.0,-99995.0,-99995.0,-99995.0,-99995.0,-99995.0,-99995.0,-99995.0,-99995.0,-99995.0,-99995.0,-99995.0,-99995.0,-99995.0,-99995.0,-99995.0,-99995.0,-99995.0,-99995.0,-99995.0,-99995.0,-99995.0,-99995.0,-99995.0,-99995.0,-99995.0,-99995.0,-99995.0,-99995.0,-99995.0,-99995.0,-99995.0,-99995.0,-99995.0,-99995.0,-99995.0,-99995.0,-99995.0,-99995.0,-99995.0,-99995.0,-99995.0,-99995.0,-99995.0,-99995.0,-99995.0,-99995.0,-99995.0,-99995.0,-99995.0,-99995.0,-99995.0,-99995.0,-99995.0,-99995.0,-99995.0,-99995.0,-99995.0,-99995.0,-99995.0,-99995.0,-99995.0,-99995.0,-99995.0,-99995.0,-99995.0,-99995.0,-99995.0,-99995.0,-99995.0,-99995.0,-99995.0,-99995.0,-99995.0,-99995.0,-99995.0,-99995.0,-99995.0,-99995.0,-99995.0,-99995.0,-99995.0,2024BU03639998,2024
BU03739998,Buitenwater,WK037399,GM0373,Bergen (NH.),-99997,JA,-99997,-99997,-99997,-99997,-99997,-99997,-99997,-99997,-99997,-99997,-99997,-99997,-99997,-99997,-99997,-99997,-99997,-99995,-99995,-99995,-99995,-99997,-99997,-99997,-99997,-99997.0,-99997,-99997,-99997,-99997,-99997,-99997,-99997,-99997,-99995,-99995,-99995,-99995,-99995,-99995,-99995,-99995,-99995,-99995,-99995,-99995,-99995,-99995,-99995,-99995,-99995,-99995,-99995,-99995,-99995,-99995,-99995,-99995,-99995,-99995,-99995,-99995,-99995,-99995,-99995,-99995,-99995,-99995,-99995,-99995,-99995,-99995,-99995,-99995,-99995,-99995,-99995,-99995,-99995,-99995,-99995,-99995,-99995,-99995,-99995,-99995,-99995,-99995,-99995,-99995,-99995,-99995,-99995.0,-99995.0,-99995.0,-99995.0,-99995,-99995.0,-99995,-99995,-99997,-99997.0,-99997,-99997,-99997,-99997,-99997,-99997,-99997,-99995.0,-99995.0,-99995.0,-99995.0,-99995.0,-99995.0,-99995.0,-99995.0,-99995.0,-99995.0,-99995.0,-99995.0,-99995.0,-99995.0,-99995.0,-99995.0,-99995.0,-99995.0,-99995.0,-99995.0,-99995.0,-99995.0,-99995.0,-99995.0,-99995.0,-99995.0,-99995.0,-99995.0,-99995.0,-99995.0,-99995.0,-99995.0,-99995.0,-99995.0,-99995.0,-99995.0,-99995.0,-99995.0,-99995.0,-99995.0,-99995.0,-99995.0,-99995.0,-99995.0,-99995.0,-99995.0,-99995.0,-99995.0,-99995.0,-99995.0,-99995.0,-99995.0,-99995.0,-99995.0,-99995.0,-99995.0,-99995.0,-99995.0,-99995.0,-99995.0,-99995.0,-99995.0,-99995.0,-99995.0,-99995.0,-99995.0,-99995.0,-99995.0,-99995.0,-99995.0,-99995.0,-99995.0,-99995.0,-99995.0,-99995.0,-99995.0,-99995.0,-99995.0,-99995.0,-99995.0,-99995.0,-99995.0,-99995.0,-99995.0,-99995.0,-99995.0,-99995.0,-99995.0,-99995.0,-99995.0,-99995.0,-99995.0,-99995.0,-99995.0,-99995.0,-99995.0,-99995.0,-99995.0,-99995.0,-99995.0,-99995.0,-99995.0,-99995.0,-99995.0,-99995.0,2024BU03739998,2024
BU03759998,Buitenwater,WK037599,GM0375,Beverwijk,-99997,JA,-99997,-99997,-99997,-99997,-99997,-99997,-99997,-99997,-99997,-99997,-99997,-99997,-99997,-99997,-99997,-99997,-99997,-99995,-99995,-99995,-99995,-99997,-99997,-99997,-99997,-99997.0,-99997,-99997,-99997,-99997,-99997,-99997,-99997,-99997,-99995,-99995,-99995,-99995,-99995,-99995,-99995,-99995,-99995,-99995,-99995,-99995,-99995,-99995,-99995,-99995,-99995,-99995,-99995,-99995,-99995,-99995,-99995,-99995,-99995,-99995,-99995,-99995,-99995,-99995,-99995,-99995,-99995,-99995,-99995,-99995,-99995,-99995,-99995,-99995,-99995,-99995,-99995,-99995,-99995,-99995,-99995,-99995,-99995,-99995,-99995,-99995,-99995,-99995,-99995,-99995,-99995,-99995,-99995.0,-99995.0,-99995.0,-99995.0,-99995,-99995.0,-99995,-99995,-99997,-99997.0,-99997,-99997,-99997,-99997,-99997,-99997,-99997,-99995.0,-99995.0,-99995.0,-99995.0,-99995.0,-99995.0,-99995.0,-99995.0,-99995.0,-99995.0,-99995.0,-99995.0,-99995.0,-99995.0,-99995.0,-99995.0,-99995.0,-99995.0,-99995.0,-99995.0,-99995.0,-99995.0,-99995.0,-99995.0,-99995.0,-99995.0,-99995.0,-99995.0,-99995.0,-99995.0,-99995.0,-99995.0,-99995.0,-99995.0,-99995.0,-99995.0,-99995.0,-99995.0,-99995.0,-99995.0,-99995.0,-99995.0,-99995.0,-99995.0,-99995.0,-99995.0,-99995.0,-99995.0,-99995.0,-99995.0,-99995.0,-99995.0,-99995.0,-99995.0,-99995.0,-99995.0,-99995.0,-99995.0,-99995.0,-99995.0,-99995.0,-99995.0,-99995.0,-99995.0,-99995.0,-99995.0,-99995.0,-99995.0,-99995.0,-99995.0,-99995.0,-99995.0,-99995.0,-99995.0,-99995.0,-99995.0,-99995.0,-99995.0,-99995.0,-99995.0,-99995.0,-99995.0,-99995.0,-99995.0,-99995.0,-99995.0,-99995.0,-99995.0,-99995.0,-99995.0,-99995.0,-99995.0,-99995.0,-99995.0,-99995.0,-99995.0,-99995.0,-99995.0,-99995.0,-99995.0,-99995.0,-99995.0,-99995.0,-99995.0,-99995.0,2024BU03759998,2024
BU03769997,Groot binnenwater,WK037699,GM0376,Blaricum,-99997,JA,-99997,-99997,-99997,-99997,-99997,-99997,-99997,-99997,-99997,-99997,-99997,-99997,-99997,-99997,-99997,-99997,-99997,-99995,-99995,-99995,-99995,-99997,-99997,-99997,-99997,-99997.0,-99997,-99997,-99997,-99997,-99997,-99997,-99997,-99997,-99995,-99995,-99995,-99995,-99995,-99995,-99995,-99995,-99995,-99995,-99995,-99995,-99995,-99995,-99995,-99995,-99995,-99995,-99995,-99995,-99995,-99995,-99995,-99995,-99995,-99995,-99995,-99995,-99995,-99995,-99995,-99995,-99995,-99995,-99995,-99995,-99995,-99995,-99995,-99995,-99995,-99995,-99995,-99995,-99995,-99995,-99995,-99995,-99995,-99995,-99995,-99995,-99995,-99995,-99995,-99995,-99995,-99995,-99995.0,-99995.0,-99995.0,-99995.0,-99995,-99995.0,-99995,-99995,-99997,-99997.0,-99997,-99997,-99997,-99997,-99997,-99997,-99997,-99995.0,-99995.0,-99995.0,-99995.0,-99995.0,-99995.0,-99995.0,-99995.0,-99995.0,-99995.0,-99995.0,-99995.0,-99995.0,-99995.0,-99995.0,-99995.0,-99995.0,-99995.0,-99995.0,-99995.0,-99995.0,-99995.0,-99995.0,-99995.0,-99995.0,-99995.0,-99995.0,-99995.0,-99995.0,-99995.0,-99995.0,-99995.0,-99995.0,-99995.0,-99995.0,-99995.0,-99995.0,-99995.0,-99995.0,-99995.0,-99995.0,-99995.0,-99995.0,-99995.0,-99995.0,-99995.0,-99995.0,-99995.0,-99995.0,-99995.0,-99995.0,-99995.0,-99995.0,-99995.0,-99995.0,-99995.0,-99995.0,-99995.0,-99995.0,-99995.0,-99995.0,-99995.0,-99995.0,-99995.0,-99995.0,-99995.0,-99995.0,-99995.0,-99995.0,-99995.0,-99995.0,-99995.0,-99995.0,-99995.0,-99995.0,-99995.0,-99995.0,-99995.0,-99995.0,-99995.0,-99995.0,-99995.0,-99995.0,-99995.0,-99995.0,-99995.0,-99995.0,-99995.0,-99995.0,-99995.0,-99995.0,-99995.0,-99995.0,-99995.0,-99995.0,-99995.0,-99995.0,-99995.0,-99995.0,-99995.0,-99995.0,-99995.0,-99995.0,-99995.0,-99995.0,2024BU03769997,2024
BU03779998,Buitenwater,WK037799,GM0377,Bloemendaal,-99997,JA,-99997,-99997,-99997,-99997,-99997,-99997,-99997,-99997,-99997,-99997,-99997,-99997,-99997,-99997,-99997,-99997,-99997,-99995,-99995,-99995,-99995,-99997,-99997,-99997,-99997,-99997.0,-99997,-99997,-99997,-99997,-99997,-99997,-99997,-99997,-99995,-99995,-99995,-99995,-99995,-99995,-99995,-99995,-99995,-99995,-99995,-99995,-99995,-99995,-99995,-99995,-99995,-99995,-99995,-99995,-99995,-99995,-99995,-99995,-99995,-99995,-99995,-99995,-99995,-99995,-99995,-99995,-99995,-99995,-99995,-99995,-99995,-99995,-99995,-99995,-99995,-99995,-99995,-99995,-99995,-99995,-99995,-99995,-99995,-99995,-99995,-99995,-99995,-99995,-99995,-99995,-99995,-99995,-99995.0,-99995.0,-99995.0,-99995.0,-99995,-99995.0,-99995,-99995,-99997,-99997.0,-99997,-99997,-99997,-99997,-99997,-99997,-99997,-99995.0,-99995.0,-99995.0,-99995.0,-99995.0,-99995.0,-99995.0,-99995.0,-99995.0,-99995.0,-99995.0,-99995.0,-99995.0,-99995.0,-99995.0,-99995.0,-99995.0,-99995.0,-99995.0,-99995.0,-99995.0,-99995.0,-99995.0,-99995.0,-99995.0,-99995.0,-99995.0,-99995.0,-99995.0,-99995.0,-99995.0,-99995.0,-99995.0,-99995.0,-99995.0,-99995.0,-99995.0,-99995.0,-99995.0,-99995.0,-99995.0,-99995.0,-99995.0,-99995.0,-99995.0,-99995.0,-99995.0,-99995.0,-99995.0,-99995.0,-99995.0,-99995.0,-99995.0,-99995.0,-99995.0,-99995.0,-99995.0,-99995.0,-99995.0,-99995.0,-99995.0,-99995.0,-99995.0,-99995.0,-99995.0,-99995.0,-99995.0,-99995.0,-99995.0,-99995.0,-99995.0,-99995.0,-99995.0,-99995.0,-99995.0,-99995.0,-99995.0,-99995.0,-99995.0,-99995.0,-99995.0,-99995.0,-99995.0,-99995.0,-99995.0,-99995.0,-99995.0,-99995.0,-99995.0,-99995.0,-99995.0,-99995.0,-99995.0,-99995.0,-99995.0,-99995.0,-99995.0,-99995.0,-99995.0,-99995.0,-99995.0,-99995.0,-99995.0,-99995.0,-99995.0,2024BU03779998,2024
BU03839998,Buitenwater,WK038399,GM0383,Castricum,-99997,JA,-99997,-99997,-99997,-99997,-99997,-99997,-99997,-99997,-99997,-99997,-99997,-99997,-99997,-99997,-99997,-99997,-99997,-99995,-99995,-99995,-99995,-99997,-99997,-99997,-99997,-99997.0,-99997,-99997,-99997,-99997,-99997,-99997,-99997,-99997,-99995,-99995,-99995,-99995,-99995,-99995,-99995,-99995,-99995,-99995,-99995,-99995,-99995,-99995,-99995,-99995,-99995,-99995,-99995,-99995,-99995,-99995,-99995,-99995,-99995,-99995,-99995,-99995,-99995,-99995,-99995,-99995,-99995,-99995,-99995,-99995,-99995,-99995,-99995,-99995,-99995,-99995,-99995,-99995,-99995,-99995,-99995,-99995,-99995,-99995,-99995,-99995,-99995,-99995,-99995,-99995,-99995,-99995,-99995.0,-99995.0,-99995.0,-99995.0,-99995,-99995.0,-99995,-99995,-99997,-99997.0,-99997,-99997,-99997,-99997,-99997,-99997,-99997,-99995.0,-99995.0,-99995.0,-99995.0,-99995.0,-99995.0,-99995.0,-99995.0,-99995.0,-99995.0,-99995.0,-99995.0,-99995.0,-99995.0,-99995.0,-99995.0,-99995.0,-99995.0,-99995.0,-99995.0,-99995.0,-99995.0,-99995.0,-99995.0,-99995.0,-99995.0,-99995.0,-99995.0,-99995.0,-99995.0,-99995.0,-99995.0,-99995.0,-99995.0,-99995.0,-99995.0,-99995.0,-99995.0,-99995.0,-99995.0,-99995.0,-99995.0,-99995.0,-99995.0,-99995.0,-99995.0,-99995.0,-99995.0,-99995.0,-99995.0,-99995.0,-99995.0,-99995.0,-99995.0,-99995.0,-99995.0,-99995.0,-99995.0,-99995.0,-99995.0,-99995.0,-99995.0,-99995.0,-99995.0,-99995.0,-99995.0,-99995.0,-99995.0,-99995.0,-99995.0,-99995.0,-99995.0,-99995.0,-99995.0,-99995.0,-99995.0,-99995.0,-99995.0,-99995.0,-99995.0,-99995.0,-99995.0,-99995.0,-99995.0,-99995.0,-99995.0,-99995.0,-99995.0,-99995.0,-99995.0,-99995.0,-99995.0,-99995.0,-99995.0,-99995.0,-99995.0,-99995.0,-99995.0,-99995.0,-99995.0,-99995.0,-99995.0,-99995.0,-99995.0,-99995.0,2024BU03839998,2024
BU03849997,Groot binnenwater,WK038499,GM0384,Diemen,-99997,JA,-99997,-99997,-99997,-99997,-99997,-99997,-99997,-99997,-99997,-99997,-99997,-99997,-99997,-99997,-99997,-99997,-99997,-99995,-99995,-99995,-99995,-99997,-99997,-99997,-99997,-99997.0,-99997,-99997,-99997,-99997,-99997,-99997,-99997,-99997,-99995,-99995,-99995,-99995,-99995,-99995,-99995,-99995,-99995,-99995,-99995,-99995,-99995,-99995,-99995,-99995,-99995,-99995,-99995,-99995,-99995,-99995,-99995,-99995,-99995,-99995,-99995,-99995,-99995,-99995,-99995,-99995,-99995,-99995,-99995,-99995,-99995,-99995,-99995,-99995,-99995,-99995,-99995,-99995,-99995,-99995,-99995,-99995,-99995,-99995,-99995,-99995,-99995,-99995,-99995,-99995,-99995,-99995,-99995.0,-99995.0,-99995.0,-99995.0,-99995,-99995.0,-99995,-99995,-99997,-99997.0,-99997,-99997,-99997,-99997,-99997,-99997,-99997,-99995.0,-99995.0,-99995.0,-99995.0,-99995.0,-99995.0,-99995.0,-99995.0,-99995.0,-99995.0,-99995.0,-99995.0,-99995.0,-99995.0,-99995.0,-99995.0,-99995.0,-99995.0,-99995.0,-99995.0,-99995.0,-99995.0,-99995.0,-99995.0,-99995.0,-99995.0,-99995.0,-99995.0,-99995.0,-99995.0,-99995.0,-99995.0,-99995.0,-99995.0,-99995.0,-99995.0,-99995.0,-99995.0,-99995.0,-99995.0,-99995.0,-99995.0,-99995.0,-99995.0,-99995.0,-99995.0,-99995.0,-99995.0,-99995.0,-99995.0,-99995.0,-99995.0,-99995.0,-99995.0,-99995.0,-99995.0,-99995.0,-99995.0,-99995.0,-99995.0,-99995.0,-99995.0,-99995.0,-99995.0,-99995.0,-99995.0,-99995.0,-99995.0,-99995.0,-99995.0,-99995.0,-99995.0,-99995.0,-99995.0,-99995.0,-99995.0,-99995.0,-99995.0,-99995.0,-99995.0,-99995.0,-99995.0,-99995.0,-99995.0,-99995.0,-99995.0,-99995.0,-99995.0,-99995.0,-99995.0,-99995.0,-99995.0,-99995.0,-99995.0,-99995.0,-99995.0,-99995.0,-99995.0,-99995.0,-99995.0,-99995.0,-99995.0,-99995.0,-99995.0,-99995.0,2024BU03849997,2024
BU03859997,Groot binnenwater,WK038599,GM0385,Edam-Volendam,-99997,JA,-99997,-99997,-99997,-99997,-99997,-99997,-99997,-99997,-99997,-99997,-99997,-99997,-99997,-99997,-99997,-99997,-99997,-99995,-99995,-99995,-99995,-99997,-99997,-99997,-99997,-99997.0,-99997,-99997,-99997,-99997,-99997,-99997,-99997,-99997,-99995,-99995,-99995,-99995,-99995,-99995,-99995,-99995,-99995,-99995,-99995,-99995,-99995,-99995,-99995,-99995,-99995,-99995,-99995,-99995,-99995,-99995,-99995,-99995,-99995,-99995,-99995,-99995,-99995,-99995,-99995,-99995,-99995,-99995,-99995,-99995,-99995,-99995,-99995,-99995,-99995,-99995,-99995,-99995,-99995,-99995,-99995,-99995,-99995,-99995,-99995,-99995,-99995,-99995,-99995,-99995,-99995,-99995,-99995.0,-99995.0,-99995.0,-99995.0,-99995,-99995.0,-99995,-99995,-99997,-99997.0,-99997,-99997,-99997,-99997,-99997,-99997,-99997,-99995.0,-99995.0,-99995.0,-99995.0,-99995.0,-99995.0,-99995.0,-99995.0,-99995.0,-99995.0,-99995.0,-99995.0,-99995.0,-99995.0,-99995.0,-99995.0,-99995.0,-99995.0,-99995.0,-99995.0,-99995.0,-99995.0,-99995.0,-99995.0,-99995.0,-99995.0,-99995.0,-99995.0,-99995.0,-99995.0,-99995.0,-99995.0,-99995.0,-99995.0,-99995.0,-99995.0,-99995.0,-99995.0,-99995.0,-99995.0,-99995.0,-99995.0,-99995.0,-99995.0,-99995.0,-99995.0,-99995.0,-99995.0,-99995.0,-99995.0,-99995.0,-99995.0,-99995.0,-99995.0,-99995.0,-99995.0,-99995.0,-99995.0,-99995.0,-99995.0,-99995.0,-99995.0,-99995.0,-99995.0,-99995.0,-99995.0,-99995.0,-99995.0,-99995.0,-99995.0,-99995.0,-99995.0,-99995.0,-99995.0,-99995.0,-99995.0,-99995.0,-99995.0,-99995.0,-99995.0,-99995.0,-99995.0,-99995.0,-99995.0,-99995.0,-99995.0,-99995.0,-99995.0,-99995.0,-99995.0,-99995.0,-99995.0,-99995.0,-99995.0,-99995.0,-99995.0,-99995.0,-99995.0,-99995.0,-99995.0,-99995.0,-99995.0,-99995.0,-99995.0,-99995.0,2024BU03859997,2024
BU03889997,Groot binnenwater,WK038899,GM0388,Enkhuizen,-99997,JA,-99997,-99997,-99997,-99997,-99997,-99997,-99997,-99997,-99997,-99997,-99997,-99997,-99997,-99997,-99997,-99997,-99997,-99995,-99995,-99995,-99995,-99997,-99997,-99997,-99997,-99997.0,-99997,-99997,-99997,-99997,-99997,-99997,-99997,-99997,-99995,-99995,-99995,-99995,-99995,-99995,-99995,-99995,-99995,-99995,-99995,-99995,-99995,-99995,-99995,-99995,-99995,-99995,-99995,-99995,-99995,-99995,-99995,-99995,-99995,-99995,-99995,-99995,-99995,-99995,-99995,-99995,-99995,-99995,-99995,-99995,-99995,-99995,-99995,-99995,-99995,-99995,-99995,-99995,-99995,-99995,-99995,-99995,-99995,-99995,-99995,-99995,-99995,-99995,-99995,-99995,-99995,-99995,-99995.0,-99995.0,-99995.0,-99995.0,-99995,-99995.0,-99995,-99995,-99997,-99997.0,-99997,-99997,-99997,-99997,-99997,-99997,-99997,-99995.0,-99995.0,-99995.0,-99995.0,-99995.0,-99995.0,-99995.0,-99995.0,-99995.0,-99995.0,-99995.0,-99995.0,-99995.0,-99995.0,-99995.0,-99995.0,-99995.0,-99995.0,-99995.0,-99995.0,-99995.0,-99995.0,-99995.0,-99995.0,-99995.0,-99995.0,-99995.0,-99995.0,-99995.0,-99995.0,-99995.0,-99995.0,-99995.0,-99995.0,-99995.0,-99995.0,-99995.0,-99995.0,-99995.0,-99995.0,-99995.0,-99995.0,-99995.0,-99995.0,-99995.0,-99995.0,-99995.0,-99995.0,-99995.0,-99995.0,-99995.0,-99995.0,-99995.0,-99995.0,-99995.0,-99995.0,-99995.0,-99995.0,-99995.0,-99995.0,-99995.0,-99995.0,-99995.0,-99995.0,-99995.0,-99995.0,-99995.0,-99995.0,-99995.0,-99995.0,-99995.0,-99995.0,-99995.0,-99995.0,-99995.0,-99995.0,-99995.0,-99995.0,-99995.0,-99995.0,-99995.0,-99995.0,-99995.0,-99995.0,-99995.0,-99995.0,-99995.0,-99995.0,-99995.0,-99995.0,-99995.0,-99995.0,-99995.0,-99995.0,-99995.0,-99995.0,-99995.0,-99995.0,-99995.0,-99995.0,-99995.0,-99995.0,-99995.0,-99995.0,-99995.0,2024BU03889997,2024
BU03969998,Buitenwater,WK039699,GM0396,Heemskerk,-99997,JA,-99997,-99997,-99997,-99997,-99997,-99997,-99997,-99997,-99997,-99997,-99997,-99997,-99997,-99997,-99997,-99997,-99997,-99995,-99995,-99995,-99995,-99997,-99997,-99997,-99997,-99997.0,-99997,-99997,-99997,-99997,-99997,-99997,-99997,-99997,-99995,-99995,-99995,-99995,-99995,-99995,-99995,-99995,-99995,-99995,-99995,-99995,-99995,-99995,-99995,-99995,-99995,-99995,-99995,-99995,-99995,-99995,-99995,-99995,-99995,-99995,-99995,-99995,-99995,-99995,-99995,-99995,-99995,-99995,-99995,-99995,-99995,-99995,-99995,-99995,-99995,-99995,-99995,-99995,-99995,-99995,-99995,-99995,-99995,-99995,-99995,-99995,-99995,-99995,-99995,-99995,-99995,-99995,-99995.0,-99995.0,-99995.0,-99995.0,-99995,-99995.0,-99995,-99995,-99997,-99997.0,-99997,-99997,-99997,-99997,-99997,-99997,-99997,-99995.0,-99995.0,-99995.0,-99995.0,-99995.0,-99995.0,-99995.0,-99995.0,-99995.0,-99995.0,-99995.0,-99995.0,-99995.0,-99995.0,-99995.0,-99995.0,-99995.0,-99995.0,-99995.0,-99995.0,-99995.0,-99995.0,-99995.0,-99995.0,-99995.0,-99995.0,-99995.0,-99995.0,-99995.0,-99995.0,-99995.0,-99995.0,-99995.0,-99995.0,-99995.0,-99995.0,-99995.0,-99995.0,-99995.0,-99995.0,-99995.0,-99995.0,-99995.0,-99995.0,-99995.0,-99995.0,-99995.0,-99995.0,-99995.0,-99995.0,-99995.0,-99995.0,-99995.0,-99995.0,-99995.0,-99995.0,-99995.0,-99995.0,-99995.0,-99995.0,-99995.0,-99995.0,-99995.0,-99995.0,-99995.0,-99995.0,-99995.0,-99995.0,-99995.0,-99995.0,-99995.0,-99995.0,-99995.0,-99995.0,-99995.0,-99995.0,-99995.0,-99995.0,-99995.0,-99995.0,-99995.0,-99995.0,-99995.0,-99995.0,-99995.0,-99995.0,-99995.0,-99995.0,-99995.0,-99995.0,-99995.0,-99995.0,-99995.0,-99995.0,-99995.0,-99995.0,-99995.0,-99995.0,-99995.0,-99995.0,-99995.0,-99995.0,-99995.0,-99995.0,-99995.0,2024BU03969998,2024
BU04009998,Buitenwater,WK040099,GM0400,Den Helder,-99997,JA,-99997,-99997,-99997,-99997,-99997,-99997,-99997,-99997,-99997,-99997,-99997,-99997,-99997,-99997,-99997,-99997,-99997,-99995,-99995,-99995,-99995,-99997,-99997,-99997,-99997,-99997.0,-99997,-99997,-99997,-99997,-99997,-99997,-99997,-99997,-99995,-99995,-99995,-99995,-99995,-99995,-99995,-99995,-99995,-99995,-99995,-99995,-99995,-99995,-99995,-99995,-99995,-99995,-99995,-99995,-99995,-99995,-99995,-99995,-99995,-99995,-99995,-99995,-99995,-99995,-99995,-99995,-99995,-99995,-99995,-99995,-99995,-99995,-99995,-99995,-99995,-99995,-99995,-99995,-99995,-99995,-99995,-99995,-99995,-99995,-99995,-99995,-99995,-99995,-99995,-99995,-99995,-99995,-99995.0,-99995.0,-99995.0,-99995.0,-99995,-99995.0,-99995,-99995,-99997,-99997.0,-99997,-99997,-99997,-99997,-99997,-99997,-99997,-99995.0,-99995.0,-99995.0,-99995.0,-99995.0,-99995.0,-99995.0,-99995.0,-99995.0,-99995.0,-99995.0,-99995.0,-99995.0,-99995.0,-99995.0,-99995.0,-99995.0,-99995.0,-99995.0,-99995.0,-99995.0,-99995.0,-99995.0,-99995.0,-99995.0,-99995.0,-99995.0,-99995.0,-99995.0,-99995.0,-99995.0,-99995.0,-99995.0,-99995.0,-99995.0,-99995.0,-99995.0,-99995.0,-99995.0,-99995.0,-99995.0,-99995.0,-99995.0,-99995.0,-99995.0,-99995.0,-99995.0,-99995.0,-99995.0,-99995.0,-99995.0,-99995.0,-99995.0,-99995.0,-99995.0,-99995.0,-99995.0,-99995.0,-99995.0,-99995.0,-99995.0,-99995.0,-99995.0,-99995.0,-99995.0,-99995.0,-99995.0,-99995.0,-99995.0,-99995.0,-99995.0,-99995.0,-99995.0,-99995.0,-99995.0,-99995.0,-99995.0,-99995.0,-99995.0,-99995.0,-99995.0,-99995.0,-99995.0,-99995.0,-99995.0,-99995.0,-99995.0,-99995.0,-99995.0,-99995.0,-99995.0,-99995.0,-99995.0,-99995.0,-99995.0,-99995.0,-99995.0,-99995.0,-99995.0,-99995.0,-99995.0,-99995.0,-99995.0,-99995.0,-99995.0,2024BU04009998,2024
BU04059997,Groot binnenwater,WK040599,GM0405,Hoorn,-99997,JA,-99997,-99997,-99997,-99997,-99997,-99997,-99997,-99997,-99997,-99997,-99997,-99997,-99997,-99997,-99997,-99997,-99997,-99995,-99995,-99995,-99995,-99997,-99997,-99997,-99997,-99997.0,-99997,-99997,-99997,-99997,-99997,-99997,-99997,-99997,-99995,-99995,-99995,-99995,-99995,-99995,-99995,-99995,-99995,-99995,-99995,-99995,-99995,-99995,-99995,-99995,-99995,-99995,-99995,-99995,-99995,-99995,-99995,-99995,-99995,-99995,-99995,-99995,-99995,-99995,-99995,-99995,-99995,-99995,-99995,-99995,-99995,-99995,-99995,-99995,-99995,-99995,-99995,-99995,-99995,-99995,-99995,-99995,-99995,-99995,-99995,-99995,-99995,-99995,-99995,-99995,-99995,-99995,-99995.0,-99995.0,-99995.0,-99995.0,-99995,-99995.0,-99995,-99995,-99997,-99997.0,-99997,-99997,-99997,-99997,-99997,-99997,-99997,-99995.0,-99995.0,-99995.0,-99995.0,-99995.0,-99995.0,-99995.0,-99995.0,-99995.0,-99995.0,-99995.0,-99995.0,-99995.0,-99995.0,-99995.0,-99995.0,-99995.0,-99995.0,-99995.0,-99995.0,-99995.0,-99995.0,-99995.0,-99995.0,-99995.0,-99995.0,-99995.0,-99995.0,-99995.0,-99995.0,-99995.0,-99995.0,-99995.0,-99995.0,-99995.0,-99995.0,-99995.0,-99995.0,-99995.0,-99995.0,-99995.0,-99995.0,-99995.0,-99995.0,-99995.0,-99995.0,-99995.0,-99995.0,-99995.0,-99995.0,-99995.0,-99995.0,-99995.0,-99995.0,-99995.0,-99995.0,-99995.0,-99995.0,-99995.0,-99995.0,-99995.0,-99995.0,-99995.0,-99995.0,-99995.0,-99995.0,-99995.0,-99995.0,-99995.0,-99995.0,-99995.0,-99995.0,-99995.0,-99995.0,-99995.0,-99995.0,-99995.0,-99995.0,-99995.0,-99995.0,-99995.0,-99995.0,-99995.0,-99995.0,-99995.0,-99995.0,-99995.0,-99995.0,-99995.0,-99995.0,-99995.0,-99995.0,-99995.0,-99995.0,-99995.0,-99995.0,-99995.0,-99995.0,-99995.0,-99995.0,-99995.0,-99995.0,-99995.0,-99995.0,-99995.0,2024BU04059997,2024
BU04069997,Groot binnenwater,WK040699,GM0406,Huizen,-99997,JA,-99997,-99997,-99997,-99997,-99997,-99997,-99997,-99997,-99997,-99997,-99997,-99997,-99997,-99997,-99997,-99997,-99997,-99995,-99995,-99995,-99995,-99997,-99997,-99997,-99997,-99997.0,-99997,-99997,-99997,-99997,-99997,-99997,-99997,-99997,-99995,-99995,-99995,-99995,-99995,-99995,-99995,-99995,-99995,-99995,-99995,-99995,-99995,-99995,-99995,-99995,-99995,-99995,-99995,-99995,-99995,-99995,-99995,-99995,-99995,-99995,-99995,-99995,-99995,-99995,-99995,-99995,-99995,-99995,-99995,-99995,-99995,-99995,-99995,-99995,-99995,-99995,-99995,-99995,-99995,-99995,-99995,-99995,-99995,-99995,-99995,-99995,-99995,-99995,-99995,-99995,-99995,-99995,-99995.0,-99995.0,-99995.0,-99995.0,-99995,-99995.0,-99995,-99995,-99997,-99997.0,-99997,-99997,-99997,-99997,-99997,-99997,-99997,-99995.0,-99995.0,-99995.0,-99995.0,-99995.0,-99995.0,-99995.0,-99995.0,-99995.0,-99995.0,-99995.0,-99995.0,-99995.0,-99995.0,-99995.0,-99995.0,-99995.0,-99995.0,-99995.0,-99995.0,-99995.0,-99995.0,-99995.0,-99995.0,-99995.0,-99995.0,-99995.0,-99995.0,-99995.0,-99995.0,-99995.0,-99995.0,-99995.0,-99995.0,-99995.0,-99995.0,-99995.0,-99995.0,-99995.0,-99995.0,-99995.0,-99995.0,-99995.0,-99995.0,-99995.0,-99995.0,-99995.0,-99995.0,-99995.0,-99995.0,-99995.0,-99995.0,-99995.0,-99995.0,-99995.0,-99995.0,-99995.0,-99995.0,-99995.0,-99995.0,-99995.0,-99995.0,-99995.0,-99995.0,-99995.0,-99995.0,-99995.0,-99995.0,-99995.0,-99995.0,-99995.0,-99995.0,-99995.0,-99995.0,-99995.0,-99995.0,-99995.0,-99995.0,-99995.0,-99995.0,-99995.0,-99995.0,-99995.0,-99995.0,-99995.0,-99995.0,-99995.0,-99995.0,-99995.0,-99995.0,-99995.0,-99995.0,-99995.0,-99995.0,-99995.0,-99995.0,-99995.0,-99995.0,-99995.0,-99995.0,-99995.0,-99995.0,-99995.0,-99995.0,-99995.0,2024BU04069997,2024
BU04209997,Groot binnenwater,WK042099,GM0420,Medemblik,-99997,JA,-99997,-99997,-99997,-99997,-99997,-99997,-99997,-99997,-99997,-99997,-99997,-99997,-99997,-99997,-99997,-99997,-99997,-99995,-99995,-99995,-99995,-99997,-99997,-99997,-99997,-99997.0,-99997,-99997,-99997,-99997,-99997,-99997,-99997,-99997,-99995,-99995,-99995,-99995,-99995,-99995,-99995,-99995,-99995,-99995,-99995,-99995,-99995,-99995,-99995,-99995,-99995,-99995,-99995,-99995,-99995,-99995,-99995,-99995,-99995,-99995,-99995,-99995,-99995,-99995,-99995,-99995,-99995,-99995,-99995,-99995,-99995,-99995,-99995,-99995,-99995,-99995,-99995,-99995,-99995,-99995,-99995,-99995,-99995,-99995,-99995,-99995,-99995,-99995,-99995,-99995,-99995,-99995,-99995.0,-99995.0,-99995.0,-99995.0,-99995,-99995.0,-99995,-99995,-99997,-99997.0,-99997,-99997,-99997,-99997,-99997,-99997,-99997,-99995.0,-99995.0,-99995.0,-99995.0,-99995.0,-99995.0,-99995.0,-99995.0,-99995.0,-99995.0,-99995.0,-99995.0,-99995.0,-99995.0,-99995.0,-99995.0,-99995.0,-99995.0,-99995.0,-99995.0,-99995.0,-99995.0,-99995.0,-99995.0,-99995.0,-99995.0,-99995.0,-99995.0,-99995.0,-99995.0,-99995.0,-99995.0,-99995.0,-99995.0,-99995.0,-99995.0,-99995.0,-99995.0,-99995.0,-99995.0,-99995.0,-99995.0,-99995.0,-99995.0,-99995.0,-99995.0,-99995.0,-99995.0,-99995.0,-99995.0,-99995.0,-99995.0,-99995.0,-99995.0,-99995.0,-99995.0,-99995.0,-99995.0,-99995.0,-99995.0,-99995.0,-99995.0,-99995.0,-99995.0,-99995.0,-99995.0,-99995.0,-99995.0,-99995.0,-99995.0,-99995.0,-99995.0,-99995.0,-99995.0,-99995.0,-99995.0,-99995.0,-99995.0,-99995.0,-99995.0,-99995.0,-99995.0,-99995.0,-99995.0,-99995.0,-99995.0,-99995.0,-99995.0,-99995.0,-99995.0,-99995.0,-99995.0,-99995.0,-99995.0,-99995.0,-99995.0,-99995.0,-99995.0,-99995.0,-99995.0,-99995.0,-99995.0,-99995.0,-99995.0,-99995.0,2024BU04209997,2024
BU04419998,Buitenwater,WK044199,GM0441,Schagen,-99997,JA,-99997,-99997,-99997,-99997,-99997,-99997,-99997,-99997,-99997,-99997,-99997,-99997,-99997,-99997,-99997,-99997,-99997,-99995,-99995,-99995,-99995,-99997,-99997,-99997,-99997,-99997.0,-99997,-99997,-99997,-99997,-99997,-99997,-99997,-99997,-99995,-99995,-99995,-99995,-99995,-99995,-99995,-99995,-99995,-99995,-99995,-99995,-99995,-99995,-99995,-99995,-99995,-99995,-99995,-99995,-99995,-99995,-99995,-99995,-99995,-99995,-99995,-99995,-99995,-99995,-99995,-99995,-99995,-99995,-99995,-99995,-99995,-99995,-99995,-99995,-99995,-99995,-99995,-99995,-99995,-99995,-99995,-99995,-99995,-99995,-99995,-99995,-99995,-99995,-99995,-99995,-99995,-99995,-99995.0,-99995.0,-99995.0,-99995.0,-99995,-99995.0,-99995,-99995,-99997,-99997.0,-99997,-99997,-99997,-99997,-99997,-99997,-99997,-99995.0,-99995.0,-99995.0,-99995.0,-99995.0,-99995.0,-99995.0,-99995.0,-99995.0,-99995.0,-99995.0,-99995.0,-99995.0,-99995.0,-99995.0,-99995.0,-99995.0,-99995.0,-99995.0,-99995.0,-99995.0,-99995.0,-99995.0,-99995.0,-99995.0,-99995.0,-99995.0,-99995.0,-99995.0,-99995.0,-99995.0,-99995.0,-99995.0,-99995.0,-99995.0,-99995.0,-99995.0,-99995.0,-99995.0,-99995.0,-99995.0,-99995.0,-99995.0,-99995.0,-99995.0,-99995.0,-99995.0,-99995.0,-99995.0,-99995.0,-99995.0,-99995.0,-99995.0,-99995.0,-99995.0,-99995.0,-99995.0,-99995.0,-99995.0,-99995.0,-99995.0,-99995.0,-99995.0,-99995.0,-99995.0,-99995.0,-99995.0,-99995.0,-99995.0,-99995.0,-99995.0,-99995.0,-99995.0,-99995.0,-99995.0,-99995.0,-99995.0,-99995.0,-99995.0,-99995.0,-99995.0,-99995.0,-99995.0,-99995.0,-99995.0,-99995.0,-99995.0,-99995.0,-99995.0,-99995.0,-99995.0,-99995.0,-99995.0,-99995.0,-99995.0,-99995.0,-99995.0,-99995.0,-99995.0,-99995.0,-99995.0,-99995.0,-99995.0,-99995.0,-99995.0,2024BU04419998,2024
BU04489998,Buitenwater,WK044899,GM0448,Texel,-99997,JA,-99997,-99997,-99997,-99997,-99997,-99997,-99997,-99997,-99997,-99997,-99997,-99997,-99997,-99997,-99997,-99997,-99997,-99995,-99995,-99995,-99995,-99997,-99997,-99997,-99997,-99997.0,-99997,-99997,-99997,-99997,-99997,-99997,-99997,-99997,-99995,-99995,-99995,-99995,-99995,-99995,-99995,-99995,-99995,-99995,-99995,-99995,-99995,-99995,-99995,-99995,-99995,-99995,-99995,-99995,-99995,-99995,-99995,-99995,-99995,-99995,-99995,-99995,-99995,-99995,-99995,-99995,-99995,-99995,-99995,-99995,-99995,-99995,-99995,-99995,-99995,-99995,-99995,-99995,-99995,-99995,-99995,-99995,-99995,-99995,-99995,-99995,-99995,-99995,-99995,-99995,-99995,-99995,-99995.0,-99995.0,-99995.0,-99995.0,-99995,-99995.0,-99995,-99995,-99997,-99997.0,-99997,-99997,-99997,-99997,-99997,-99997,-99997,-99995.0,-99995.0,-99995.0,-99995.0,-99995.0,-99995.0,-99995.0,-99995.0,-99995.0,-99995.0,-99995.0,-99995.0,-99995.0,-99995.0,-99995.0,-99995.0,-99995.0,-99995.0,-99995.0,-99995.0,-99995.0,-99995.0,-99995.0,-99995.0,-99995.0,-99995.0,-99995.0,-99995.0,-99995.0,-99995.0,-99995.0,-99995.0,-99995.0,-99995.0,-99995.0,-99995.0,-99995.0,-99995.0,-99995.0,-99995.0,-99995.0,-99995.0,-99995.0,-99995.0,-99995.0,-99995.0,-99995.0,-99995.0,-99995.0,-99995.0,-99995.0,-99995.0,-99995.0,-99995.0,-99995.0,-99995.0,-99995.0,-99995.0,-99995.0,-99995.0,-99995.0,-99995.0,-99995.0,-99995.0,-99995.0,-99995.0,-99995.0,-99995.0,-99995.0,-99995.0,-99995.0,-99995.0,-99995.0,-99995.0,-99995.0,-99995.0,-99995.0,-99995.0,-99995.0,-99995.0,-99995.0,-99995.0,-99995.0,-99995.0,-99995.0,-99995.0,-99995.0,-99995.0,-99995.0,-99995.0,-99995.0,-99995.0,-99995.0,-99995.0,-99995.0,-99995.0,-99995.0,-99995.0,-99995.0,-99995.0,-99995.0,-99995.0,-99995.0,-99995.0,-99995.0,2024BU04489998,2024
BU04539998,Buitenwater,WK045399,GM0453,Velsen,-99997,JA,-99997,-99997,-99997,-99997,-99997,-99997,-99997,-99997,-99997,-99997,-99997,-99997,-99997,-99997,-99997,-99997,-99997,-99995,-99995,-99995,-99995,-99997,-99997,-99997,-99997,-99997.0,-99997,-99997,-99997,-99997,-99997,-99997,-99997,-99997,-99995,-99995,-99995,-99995,-99995,-99995,-99995,-99995,-99995,-99995,-99995,-99995,-99995,-99995,-99995,-99995,-99995,-99995,-99995,-99995,-99995,-99995,-99995,-99995,-99995,-99995,-99995,-99995,-99995,-99995,-99995,-99995,-99995,-99995,-99995,-99995,-99995,-99995,-99995,-99995,-99995,-99995,-99995,-99995,-99995,-99995,-99995,-99995,-99995,-99995,-99995,-99995,-99995,-99995,-99995,-99995,-99995,-99995,-99995.0,-99995.0,-99995.0,-99995.0,-99995,-99995.0,-99995,-99995,-99997,-99997.0,-99997,-99997,-99997,-99997,-99997,-99997,-99997,-99995.0,-99995.0,-99995.0,-99995.0,-99995.0,-99995.0,-99995.0,-99995.0,-99995.0,-99995.0,-99995.0,-99995.0,-99995.0,-99995.0,-99995.0,-99995.0,-99995.0,-99995.0,-99995.0,-99995.0,-99995.0,-99995.0,-99995.0,-99995.0,-99995.0,-99995.0,-99995.0,-99995.0,-99995.0,-99995.0,-99995.0,-99995.0,-99995.0,-99995.0,-99995.0,-99995.0,-99995.0,-99995.0,-99995.0,-99995.0,-99995.0,-99995.0,-99995.0,-99995.0,-99995.0,-99995.0,-99995.0,-99995.0,-99995.0,-99995.0,-99995.0,-99995.0,-99995.0,-99995.0,-99995.0,-99995.0,-99995.0,-99995.0,-99995.0,-99995.0,-99995.0,-99995.0,-99995.0,-99995.0,-99995.0,-99995.0,-99995.0,-99995.0,-99995.0,-99995.0,-99995.0,-99995.0,-99995.0,-99995.0,-99995.0,-99995.0,-99995.0,-99995.0,-99995.0,-99995.0,-99995.0,-99995.0,-99995.0,-99995.0,-99995.0,-99995.0,-99995.0,-99995.0,-99995.0,-99995.0,-99995.0,-99995.0,-99995.0,-99995.0,-99995.0,-99995.0,-99995.0,-99995.0,-99995.0,-99995.0,-99995.0,-99995.0,-99995.0,-99995.0,-99995.0,2024BU04539998,2024
BU04739998,Buitenwater,WK047399,GM0473,Zandvoort,-99997,JA,-99997,-99997,-99997,-99997,-99997,-99997,-99997,-99997,-99997,-99997,-99997,-99997,-99997,-99997,-99997,-99997,-99997,-99995,-99995,-99995,-99995,-99997,-99997,-99997,-99997,-99997.0,-99997,-99997,-99997,-99997,-99997,-99997,-99997,-99997,-99995,-99995,-99995,-99995,-99995,-99995,-99995,-99995,-99995,-99995,-99995,-99995,-99995,-99995,-99995,-99995,-99995,-99995,-99995,-99995,-99995,-99995,-99995,-99995,-99995,-99995,-99995,-99995,-99995,-99995,-99995,-99995,-99995,-99995,-99995,-99995,-99995,-99995,-99995,-99995,-99995,-99995,-99995,-99995,-99995,-99995,-99995,-99995,-99995,-99995,-99995,-99995,-99995,-99995,-99995,-99995,-99995,-99995,-99995.0,-99995.0,-99995.0,-99995.0,-99995,-99995.0,-99995,-99995,-99997,-99997.0,-99997,-99997,-99997,-99997,-99997,-99997,-99997,-99995.0,-99995.0,-99995.0,-99995.0,-99995.0,-99995.0,-99995.0,-99995.0,-99995.0,-99995.0,-99995.0,-99995.0,-99995.0,-99995.0,-99995.0,-99995.0,-99995.0,-99995.0,-99995.0,-99995.0,-99995.0,-99995.0,-99995.0,-99995.0,-99995.0,-99995.0,-99995.0,-99995.0,-99995.0,-99995.0,-99995.0,-99995.0,-99995.0,-99995.0,-99995.0,-99995.0,-99995.0,-99995.0,-99995.0,-99995.0,-99995.0,-99995.0,-99995.0,-99995.0,-99995.0,-99995.0,-99995.0,-99995.0,-99995.0,-99995.0,-99995.0,-99995.0,-99995.0,-99995.0,-99995.0,-99995.0,-99995.0,-99995.0,-99995.0,-99995.0,-99995.0,-99995.0,-99995.0,-99995.0,-99995.0,-99995.0,-99995.0,-99995.0,-99995.0,-99995.0,-99995.0,-99995.0,-99995.0,-99995.0,-99995.0,-99995.0,-99995.0,-99995.0,-99995.0,-99995.0,-99995.0,-99995.0,-99995.0,-99995.0,-99995.0,-99995.0,-99995.0,-99995.0,-99995.0,-99995.0,-99995.0,-99995.0,-99995.0,-99995.0,-99995.0,-99995.0,-99995.0,-99995.0,-99995.0,-99995.0,-99995.0,-99995.0,-99995.0,-99995.0,-99995.0,2024BU04739998,2024
