Neighborhood,Column,Outlier Value
BU15071100,a_vrouw,324.99999999999994
BU02220911,p_ste,22.0
BU05310501,p_ste,22.0
BU09710004,p_ste,22.0
BU01580051,a_hh,225.0
BU00720200,g_hhgro,2.3
BU00740104,g_hhgro,2.1
BU00740106,g_hhgro,2.0
BU00740402,g_hhgro,2.2
BU00801007,g_hhgro,1.3
BU01094040,g_hhgro,2.3
BU01140801,g_hhgro,2.3
BU01141300,g_hhgro,2.3
BU01185000,g_hhgro,1.5
BU01530604,g_hhgro,2.2
BU01530605,g_hhgro,2.3
BU01530802,g_hhgro,2.2
BU01530901,g_hhgro,2.2
BU01580003,g_hhgro,2.0
BU01580010,g_hhgro,2.2
BU01640301,g_hhgro,2.5
BU01710101,g_hhgro,1.8
BU01710837,g_hhgro,3.0
BU01931210,g_hhgro,1.7
BU01931400,g_hhgro,1.6
BU01932230,g_hhgro,3.0
BU02000306,g_hhgro,2.4
BU02000403,g_hhgro,2.0
BU02035404,g_hhgro,2.5
BU02035961,g_hhgro,2.6
BU02036070,g_hhgro,2.8
BU02090271,g_hhgro,2.0
BU02130300,g_hhgro,2.0
BU02140306,g_hhgro,2.5
BU02220602,g_hhgro,2.0
BU02280307,g_hhgro,2.5
BU02431001,g_hhgro,2.5
BU02460000,g_hhgro,2.2
BU02690002,g_hhgro,2.9
BU02940001,g_hhgro,2.1
BU02940002,g_hhgro,2.5
BU02940003,g_hhgro,2.3
BU02940120,g_hhgro,2.2
BU02990006,g_hhgro,2.3
BU03010202,g_hhgro,2.0
BU03010300,g_hhgro,2.3
BU03030103,g_hhgro,2.8
BU03030322,g_hhgro,2.2
BU03030431,g_hhgro,2.5
BU03030605,g_hhgro,2.0
BU03070301,g_hhgro,2.2
BU03071704,g_hhgro,2.3
BU03120100,g_hhgro,2.2
BU03270105,g_hhgro,2.2
BU03400105,g_hhgro,2.2
BU03420601,g_hhgro,2.2
BU03420804,g_hhgro,2.0
BU03440342,g_hhgro,2.2
BU03440511,g_hhgro,1.4
BU03440625,g_hhgro,1.4
BU03440628,g_hhgro,1.4
BU03440831,g_hhgro,2.0
BU03441024,g_hhgro,2.6
BU03530005,g_hhgro,2.0
BU03550301,g_hhgro,2.3
BU03550406,g_hhgro,2.2
BU03730112,g_hhgro,2.0
BU03730702,g_hhgro,2.0
BU03770002,g_hhgro,1.5
BU03770300,g_hhgro,2.1
BU03830001,g_hhgro,2.1
BU03830211,g_hhgro,2.3
BU03830721,g_hhgro,2.3
BU03940103,g_hhgro,2.5
BU03940107,g_hhgro,2.3
BU03940108,g_hhgro,2.1
BU03940564,g_hhgro,2.3
BU03941567,g_hhgro,2.2
BU03960601,g_hhgro,2.0
BU03960602,g_hhgro,2.2
BU03990502,g_hhgro,2.4
BU04000807,g_hhgro,2.0
BU04051002,g_hhgro,1.5
BU04051102,g_hhgro,2.0
BU04052008,g_hhgro,2.2
BU04052103,g_hhgro,2.0
BU04310000,g_hhgro,2.2
BU04390101,g_hhgro,1.6
BU04530002,g_hhgro,2.0
BU04530203,g_hhgro,2.3
BU04530206,g_hhgro,1.8
BU04530406,g_hhgro,2.2
BU04530702,g_hhgro,2.1
BU04530801,g_hhgro,2.2
BU04840103,g_hhgro,2.5
BU04891328,g_hhgro,3.1
BU05031206,g_hhgro,1.5
BU05050102,g_hhgro,1.4
BU05050705,g_hhgro,2.5
BU05050800,g_hhgro,2.0
BU05180772,g_hhgro,1.9
BU05181041,g_hhgro,2.0
BU05183637,g_hhgro,2.0
BU05184002,g_hhgro,2.7
BU05460404,g_hhgro,2.1
BU05460405,g_hhgro,2.0
BU05991081,g_hhgro,2.0
BU06130308,g_hhgro,2.1
BU06270302,g_hhgro,2.2
BU06290002,g_hhgro,2.5
BU06320305,g_hhgro,2.7
BU06420102,g_hhgro,2.0
BU06640109,g_hhgro,2.2
BU07170200,g_hhgro,2.0
BU07170900,g_hhgro,2.3
BU07171200,g_hhgro,2.1
BU07480100,g_hhgro,2.1
BU07480202,g_hhgro,2.3
BU07480204,g_hhgro,2.2
BU07480401,g_hhgro,2.3
BU07480500,g_hhgro,2.3
BU07580001,g_hhgro,1.5
BU07580005,g_hhgro,1.6
BU07580104,g_hhgro,2.1
BU07580400,g_hhgro,2.0
BU07850710,g_hhgro,2.5
BU07941500,g_hhgro,2.0
BU07941600,g_hhgro,2.3
BU08200100,g_hhgro,2.5
BU08450000,g_hhgro,2.3
BU08580101,g_hhgro,2.5
BU08660001,g_hhgro,2.0
BU08730200,g_hhgro,2.3
BU08890000,g_hhgro,2.1
BU09171301,g_hhgro,2.3
BU09173100,g_hhgro,2.1
BU09280004,g_hhgro,2.0
BU09280204,g_hhgro,2.0
BU09350205,g_hhgro,2.0
BU09380206,g_hhgro,2.2
BU09460101,g_hhgro,2.1
BU09570000,g_hhgro,1.5
BU09570200,g_hhgro,2.0
BU09570302,g_hhgro,2.0
BU09570802,g_hhgro,2.5
BU09810000,g_hhgro,2.3
BU09831302,g_hhgro,1.7
BU09832302,g_hhgro,2.0
BU09833101,g_hhgro,2.3
BU09834401,g_hhgro,2.3
BU09860101,g_hhgro,2.1
BU09882501,g_hhgro,2.2
BU15090102,g_hhgro,2.5
BU15810000,g_hhgro,2.2
BU15810001,g_hhgro,1.8
BU15860105,g_hhgro,1.5
BU15860111,g_hhgro,2.8
BU15860607,g_hhgro,2.5
BU16212511,g_hhgro,2.7
BU16213231,g_hhgro,2.5
BU16550303,g_hhgro,2.5
BU16741000,g_hhgro,2.2
BU16761300,g_hhgro,2.0
BU16801700,g_hhgro,2.3
BU16900209,g_hhgro,2.8
BU16960601,g_hhgro,2.2
BU17010809,g_hhgro,2.0
BU17140209,g_hhgro,2.2
BU17310200,g_hhgro,2.3
BU17310600,g_hhgro,2.3
BU17350500,g_hhgro,2.3
BU17350900,g_hhgro,2.5
BU17730112,g_hhgro,2.3
BU17730218,g_hhgro,2.6
BU18760100,g_hhgro,2.3
BU18760207,g_hhgro,2.5
BU18760403,g_hhgro,2.4
BU18760406,g_hhgro,2.5
BU18830001,g_hhgro,2.0
BU18830401,g_hhgro,2.3
BU18840000,g_hhgro,2.3
BU18840400,g_hhgro,2.1
BU18950604,g_hhgro,2.5
BU18951000,g_hhgro,2.0
BU00500008,bev_dich,8.0
BU01140709,bev_dich,16.0
BU01800209,bev_dich,8.0
BU02690210,bev_dich,8.0
BU03030550,bev_dich,9.0
BU07650109,bev_dich,9.0
BU16801709,bev_dich,9.0
BU16802109,bev_dich,9.0
BU17010409,bev_dich,4.0
BU17141309,bev_dich,10.0
BU18910309,bev_dich,12.0
BU18950209,bev_dich,9.0
BU19001307,bev_dich,13.0
BU00590008,a_woning,95.0
BU01069900,a_woning,109.0
BU01470006,a_woning,1283.0
BU01580050,a_woning,229.0
BU01630603,a_woning,163.0
BU01935150,a_woning,1191.0
BU02000502,a_woning,1335.0
BU02210104,a_woning,1254.0
BU02281101,a_woning,1341.0
BU02431207,a_woning,756.0
BU02930003,a_woning,902.0
BU03530023,a_woning,208.0
BU03730105,a_woning,147.0
BU03940235,a_woning,1643.0
BU04000808,a_woning,197.0
BU04060818,a_woning,1363.0
BU04891533,a_woning,756.0
BU04893054,a_woning,65.0
BU05990457,a_woning,199.0
BU06270102,a_woning,494.0
BU06420111,a_woning,328.0
BU06780200,a_woning,195.0
BU07030401,a_woning,68.0
BU08091031,a_woning,222.0
BU08260301,a_woning,737.0
BU08520002,a_woning,1035.0
BU08520010,a_woning,50.0
BU09172000,a_woning,210.0
BU09173603,a_woning,87.0
BU09280102,a_woning,1173.0
BU09834103,a_woning,139.0
BU09882403,a_woning,69.0
BU15070405,a_woning,147.0
BU15090201,a_woning,69.0
BU15860104,a_woning,927.0
BU15860110,a_woning,191.0
BU16740702,a_woning,1314.0
BU16990320,a_woning,84.0
BU17090701,a_woning,85.0
BU17310001,a_woning,80.0
BU17310409,a_woning,29.0
BU17830402,a_woning,1161.0
BU18760404,a_woning,131.0
BU18950801,a_woning,65.0
BU00470109,p_1gezw,100.0
BU00470200,p_1gezw,83.0
BU01094040,p_1gezw,92.0
BU01140801,p_1gezw,82.0
BU01140807,p_1gezw,99.0
BU01145100,p_1gezw,95.0
BU01530500,p_1gezw,77.0
BU01530801,p_1gezw,73.0
BU01530900,p_1gezw,94.0
BU01530901,p_1gezw,89.0
BU01630106,p_1gezw,95.0
BU01630302,p_1gezw,75.0
BU01630304,p_1gezw,97.0
BU01630603,p_1gezw,27.000000000000007
BU01660008,p_1gezw,83.0
BU01710219,p_1gezw,95.0
BU01710734,p_1gezw,96.0
BU01800309,p_1gezw,84.0
BU01800400,p_1gezw,96.0
BU01840007,p_1gezw,86.0
BU01931320,p_1gezw,73.0
BU01932200,p_1gezw,88.0
BU01933130,p_1gezw,92.0
BU01935000,p_1gezw,92.0
BU01935080,p_1gezw,95.0
BU01970408,p_1gezw,85.0
BU02000301,p_1gezw,93.0
BU02001303,p_1gezw,98.0
BU02035412,p_1gezw,79.0
BU02140100,p_1gezw,92.0
BU02140209,p_1gezw,92.0
BU02140408,p_1gezw,94.0
BU02220712,p_1gezw,92.0
BU02221104,p_1gezw,94.0
BU02223108,p_1gezw,96.0
BU02430602,p_1gezw,98.0
BU02460108,p_1gezw,84.0
BU02520006,p_1gezw,92.0
BU02520107,p_1gezw,100.0
BU02620400,p_1gezw,83.0
BU02620406,p_1gezw,83.0
BU02630008,p_1gezw,98.0
BU02630100,p_1gezw,89.0
BU02630200,p_1gezw,90.0
BU02690103,p_1gezw,96.0
BU02850100,p_1gezw,70.0
BU02850106,p_1gezw,95.0
BU02930002,p_1gezw,90.0
BU02960100,p_1gezw,100.0
BU02960103,p_1gezw,88.0
BU02960104,p_1gezw,98.0
BU02960700,p_1gezw,100.0
BU02970101,p_1gezw,95.0
BU02970103,p_1gezw,96.0
BU02970203,p_1gezw,83.0
BU02990006,p_1gezw,77.0
BU02990400,p_1gezw,95.0
BU03010104,p_1gezw,67.0
BU03010202,p_1gezw,66.0
BU03010401,p_1gezw,96.0
BU03030211,p_1gezw,81.0
BU03270201,p_1gezw,83.0
BU03350200,p_1gezw,97.0
BU03441014,p_1gezw,99.0
BU03730600,p_1gezw,83.0
BU03770003,p_1gezw,89.0
BU03770401,p_1gezw,89.0
BU03940236,p_1gezw,87.0
BU03940564,p_1gezw,95.0
BU03940781,p_1gezw,97.0
BU04000101,p_1gezw,82.0
BU04000206,p_1gezw,87.0
BU04051202,p_1gezw,73.0
BU04052105,p_1gezw,83.0
BU04053001,p_1gezw,86.0
BU04053104,p_1gezw,87.0
BU04053305,p_1gezw,91.0
BU04053502,p_1gezw,90.0
BU04480004,p_1gezw,90.0
BU04530605,p_1gezw,75.0
BU04530700,p_1gezw,92.0
BU04820104,p_1gezw,95.0
BU04820203,p_1gezw,86.0
BU04890614,p_1gezw,74.0
BU05031108,p_1gezw,64.0
BU05031203,p_1gezw,38.0
BU05050204,p_1gezw,76.0
BU05050303,p_1gezw,95.0
BU05050908,p_1gezw,68.0
BU05051103,p_1gezw,99.0
BU05051106,p_1gezw,86.0
BU05120200,p_1gezw,90.0
BU05121200,p_1gezw,100.0
BU05181143,p_1gezw,13.0
BU05182144,p_1gezw,11.0
BU05182245,p_1gezw,11.0
BU05182561,p_1gezw,8.0
BU05182569,p_1gezw,9.0
BU05420003,p_1gezw,76.0
BU05460405,p_1gezw,67.0
BU05991446,p_1gezw,85.0
BU06320201,p_1gezw,94.0
BU06420209,p_1gezw,86.0
BU06420504,p_1gezw,90.0
BU06420804,p_1gezw,74.0
BU06680700,p_1gezw,94.0
BU07170500,p_1gezw,89.0
BU07170909,p_1gezw,98.0
BU07480402,p_1gezw,98.0
BU07530008,p_1gezw,80.0
BU07550109,p_1gezw,93.0
BU07580505,p_1gezw,97.0
BU07650000,p_1gezw,86.0
BU07790201,p_1gezw,71.0
BU07850710,p_1gezw,99.0
BU07941202,p_1gezw,81.0
BU07941400,p_1gezw,98.0
BU07941402,p_1gezw,84.0
BU08091015,p_1gezw,90.0
BU08230001,p_1gezw,97.0
BU08400409,p_1gezw,100.0
BU08450007,p_1gezw,94.0
BU08450200,p_1gezw,90.0
BU08580003,p_1gezw,82.0
BU08610004,p_1gezw,79.0
BU08650102,p_1gezw,81.0
BU08670004,p_1gezw,89.0
BU08670102,p_1gezw,97.0
BU08790400,p_1gezw,84.0
BU08800000,p_1gezw,94.0
BU08800002,p_1gezw,99.0
BU08820012,p_1gezw,96.0
BU08820204,p_1gezw,83.0
BU08880002,p_1gezw,89.0
BU08990124,p_1gezw,88.0
BU09070001,p_1gezw,100.0
BU09172401,p_1gezw,89.0
BU09174101,p_1gezw,90.0
BU09280002,p_1gezw,84.0
BU09350406,p_1gezw,81.0
BU09380200,p_1gezw,91.0
BU09460303,p_1gezw,96.0
BU09570002,p_1gezw,76.0
BU09710200,p_1gezw,82.0
BU09832701,p_1gezw,97.0
BU09834103,p_1gezw,99.0
BU09834401,p_1gezw,91.0
BU09880101,p_1gezw,90.0
BU09880201,p_1gezw,92.0
BU09881301,p_1gezw,73.0
BU09881302,p_1gezw,64.0
BU09883201,p_1gezw,99.0
BU09883202,p_1gezw,97.0
BU09883402,p_1gezw,97.0
BU15070109,p_1gezw,99.0
BU15071500,p_1gezw,100.0
BU15090001,p_1gezw,94.0
BU15090003,p_1gezw,93.0
BU15090105,p_1gezw,88.0
BU15090202,p_1gezw,82.0
BU15810103,p_1gezw,85.0
BU15810400,p_1gezw,87.0
BU16400800,p_1gezw,86.0
BU16550101,p_1gezw,87.0
BU16550501,p_1gezw,94.0
BU16580300,p_1gezw,94.0
BU16590001,p_1gezw,77.0
BU16740201,p_1gezw,82.0
BU16741000,p_1gezw,95.0
BU16760004,p_1gezw,82.0
BU16760509,p_1gezw,99.0
BU16761009,p_1gezw,96.0
BU16761204,p_1gezw,90.0
BU16900209,p_1gezw,89.0
BU16901100,p_1gezw,89.0
BU16950100,p_1gezw,85.0
BU16960100,p_1gezw,90.0
BU16990310,p_1gezw,98.0
BU17011500,p_1gezw,93.0
BU17060200,p_1gezw,99.0
BU17090909,p_1gezw,97.0
BU17140300,p_1gezw,98.0
BU17141300,p_1gezw,93.0
BU17290300,p_1gezw,88.0
BU17300400,p_1gezw,98.0
BU17310201,p_1gezw,95.0
BU17310600,p_1gezw,82.0
BU17310601,p_1gezw,100.0
BU17350003,p_1gezw,84.0
BU17350005,p_1gezw,86.0
BU17730112,p_1gezw,85.0
BU17730320,p_1gezw,96.0
BU17830352,p_1gezw,99.0
BU17830420,p_1gezw,97.0
BU17830710,p_1gezw,88.0
BU18420109,p_1gezw,92.0
BU18760101,p_1gezw,94.0
BU18760201,p_1gezw,93.0
BU18760404,p_1gezw,97.0
BU18910001,p_1gezw,100.0
BU18910009,p_1gezw,97.0
BU18950101,p_1gezw,92.0
BU18950300,p_1gezw,89.0
BU18950905,p_1gezw,92.0
BU18951000,p_1gezw,96.0
BU19000103,p_1gezw,87.0
BU19000120,p_1gezw,97.0
BU19000501,p_1gezw,89.0
BU19001303,p_1gezw,99.0
BU19001501,p_1gezw,97.0
BU19001901,p_1gezw,91.0
BU19030001,p_1gezw,93.0
BU19030400,p_1gezw,88.0
BU19550005,p_1gezw,91.0
BU00500006,p_mgezw,55.0
BU00801007,p_mgezw,96.0
BU01093039,p_mgezw,6.0
BU01094040,p_mgezw,8.0
BU01145100,p_mgezw,5.0
BU01185102,p_mgezw,98.0
BU01530900,p_mgezw,6.0
BU01530901,p_mgezw,11.0
BU01630106,p_mgezw,5.0
BU01630405,p_mgezw,15.0
BU01630603,p_mgezw,73.0
BU01640602,p_mgezw,32.0
BU01710219,p_mgezw,5.0
BU01840007,p_mgezw,14.0
BU01932200,p_mgezw,12.0
BU01933130,p_mgezw,8.0
BU01935000,p_mgezw,8.0
BU01935080,p_mgezw,5.0
BU01970408,p_mgezw,15.0
BU02000301,p_mgezw,7.0
BU02140100,p_mgezw,8.0
BU02140209,p_mgezw,8.0
BU02140408,p_mgezw,6.0
BU02210103,p_mgezw,26.0
BU02220901,p_mgezw,7.0
BU02221104,p_mgezw,6.0
BU02223108,p_mgezw,4.0
BU02430801,p_mgezw,81.0
BU02520006,p_mgezw,8.0
BU02630100,p_mgezw,11.0
BU02630200,p_mgezw,10.0
BU02730003,p_mgezw,18.0
BU02850106,p_mgezw,5.0
BU02930002,p_mgezw,10.0
BU02940001,p_mgezw,22.0
BU02940109,p_mgezw,13.0
BU02970101,p_mgezw,5.0
BU02990400,p_mgezw,5.0
BU03440525,p_mgezw,65.0
BU03440533,p_mgezw,98.0
BU03770001,p_mgezw,75.00000000000001
BU03770003,p_mgezw,11.0
BU03770109,p_mgezw,11.0
BU03770401,p_mgezw,11.0
BU03940236,p_mgezw,13.0
BU03940564,p_mgezw,5.0
BU03960101,p_mgezw,10.0
BU04000206,p_mgezw,13.0
BU04053001,p_mgezw,14.0
BU04053104,p_mgezw,13.0
BU04053305,p_mgezw,8.999999999999998
BU04480004,p_mgezw,10.0
BU04530700,p_mgezw,8.0
BU04820104,p_mgezw,5.0
BU05050303,p_mgezw,5.0
BU05051106,p_mgezw,14.0
BU05180475,p_mgezw,85.0
BU05180546,p_mgezw,76.0
BU05180800,p_mgezw,71.0
BU05181143,p_mgezw,87.0
BU05182144,p_mgezw,89.0
BU05182245,p_mgezw,89.0
BU05182561,p_mgezw,92.0
BU05182569,p_mgezw,91.0
BU05182763,p_mgezw,89.0
BU05183032,p_mgezw,98.0
BU05991284,p_mgezw,73.0
BU05991446,p_mgezw,15.0
BU06130417,p_mgezw,23.0
BU06270408,p_mgezw,23.0
BU06320201,p_mgezw,6.0
BU06420209,p_mgezw,14.0
BU06680501,p_mgezw,14.0
BU06680700,p_mgezw,6.0
BU07170500,p_mgezw,11.0
BU07550109,p_mgezw,7.0
BU07580504,p_mgezw,26.0
BU07650000,p_mgezw,14.0
BU07941402,p_mgezw,16.0
BU08091015,p_mgezw,10.0
BU08450002,p_mgezw,13.0
BU08450007,p_mgezw,6.0
BU08450200,p_mgezw,10.0
BU08670004,p_mgezw,11.0
BU08730100,p_mgezw,13.0
BU08790400,p_mgezw,16.0
BU08800000,p_mgezw,6.0
BU08880002,p_mgezw,11.0
BU08990506,p_mgezw,70.0
BU09172401,p_mgezw,11.0
BU09174101,p_mgezw,10.0
BU09380200,p_mgezw,8.999999999999998
BU09834401,p_mgezw,8.999999999999998
BU09880201,p_mgezw,8.0
BU15090001,p_mgezw,6.0
BU15090003,p_mgezw,7.0
BU15090105,p_mgezw,12.0
BU15810103,p_mgezw,15.0
BU15810400,p_mgezw,13.0
BU16400800,p_mgezw,14.0
BU16550101,p_mgezw,13.0
BU16550501,p_mgezw,6.0
BU16580300,p_mgezw,6.0
BU16741000,p_mgezw,5.0
BU16761204,p_mgezw,10.0
BU16900200,p_mgezw,8.999999999999998
BU16900209,p_mgezw,11.0
BU16901100,p_mgezw,11.0
BU16950100,p_mgezw,15.0
BU16960100,p_mgezw,10.0
BU16990040,p_mgezw,8.999999999999998
BU17011500,p_mgezw,7.0
BU17141300,p_mgezw,7.0
BU17290300,p_mgezw,12.0
BU17310201,p_mgezw,5.0
BU17350003,p_mgezw,16.0
BU17350005,p_mgezw,14.0
BU18420109,p_mgezw,8.0
BU18760101,p_mgezw,6.0
BU18760201,p_mgezw,7.0
BU18840203,p_mgezw,8.0
BU18950300,p_mgezw,11.0
BU18951000,p_mgezw,4.0
BU19000103,p_mgezw,13.0
BU19000501,p_mgezw,11.0
BU19030001,p_mgezw,7.0
BU19030400,p_mgezw,12.0
BU19550005,p_mgezw,8.999999999999998
BU02750100,p_leegsw,5.0
BU03440433,p_leegsw,6.0
BU05990532,p_leegsw,6.0
BU06320601,p_leegsw,7.0
BU07650000,p_leegsw,6.0
BU08480000,p_leegsw,4.0
BU08520300,p_leegsw,5.0
BU08610000,p_leegsw,5.0
BU08790400,p_leegsw,6.0
BU08800209,p_leegsw,4.0
BU09172200,p_leegsw,5.0
BU09810000,p_leegsw,9.0
BU09883401,p_leegsw,6.0
BU19001100,p_leegsw,5.0
BU01092022,p_koopw,76.0
BU01935120,p_koopw,68.0
BU02220603,p_koopw,71.0
BU02960200,p_koopw,87.0
BU03072102,p_koopw,65.0
BU03530013,p_koopw,4.0
BU04000805,p_koopw,95.0
BU04390702,p_koopw,79.0
BU04820404,p_koopw,19.0
BU05032501,p_koopw,15.0
BU06420402,p_koopw,64.0
BU06420514,p_koopw,67.0
BU07851019,p_koopw,82.0
BU09350203,p_koopw,15.0
BU09570301,p_koopw,80.0
BU09834103,p_koopw,84.0
BU15070405,p_koopw,96.0
BU15070500,p_koopw,83.0
BU16213211,p_koopw,80.0
BU16213251,p_koopw,83.0
BU17310500,p_koopw,85.0
BU18910300,p_koopw,77.0
BU01640202,p_huurw,65.0
BU02220905,p_huurw,80.0
BU04000805,p_huurw,5.000000000000004
BU04530206,p_huurw,87.0
BU04530401,p_huurw,79.0
BU04890919,p_huurw,21.0
BU05032407,p_huurw,84.0
BU05032501,p_huurw,85.0
BU08990345,p_huurw,84.0
BU09350203,p_huurw,85.0
BU00740301,p_wcorpw,8.0
BU00740402,p_wcorpw,11.0
BU01091007,p_wcorpw,11.0
BU01186100,p_wcorpw,5.0
BU01530202,p_wcorpw,83.0
BU01530400,p_wcorpw,6.0
BU01580060,p_wcorpw,6.0
BU01660007,p_wcorpw,13.0
BU01890003,p_wcorpw,7.0
BU01932220,p_wcorpw,20.0
BU01970306,p_wcorpw,16.0
BU02000203,p_wcorpw,8.0
BU02000501,p_wcorpw,40.0
BU02035539,p_wcorpw,19.0
BU02090151,p_wcorpw,12.0
BU02130601,p_wcorpw,22.0
BU02220905,p_wcorpw,75.0
BU02280402,p_wcorpw,12.0
BU02850005,p_wcorpw,13.0
BU02960700,p_wcorpw,7.0
BU03010501,p_wcorpw,7.0
BU03020101,p_wcorpw,13.0
BU03030104,p_wcorpw,5.0
BU03030320,p_wcorpw,14.0
BU03070801,p_wcorpw,65.0
BU03072004,p_wcorpw,11.0
BU03120200,p_wcorpw,13.0
BU03440413,p_wcorpw,77.0
BU03440626,p_wcorpw,13.0
BU03530003,p_wcorpw,11.0
BU03730102,p_wcorpw,13.0
BU03940883,p_wcorpw,15.0
BU03941193,p_wcorpw,11.0
BU03990302,p_wcorpw,7.0
BU03990303,p_wcorpw,12.0
BU03990503,p_wcorpw,8.0
BU04051003,p_wcorpw,5.0
BU04053502,p_wcorpw,9.0
BU04480003,p_wcorpw,13.0
BU04530101,p_wcorpw,5.0
BU04820202,p_wcorpw,32.0
BU04820404,p_wcorpw,78.0
BU04890614,p_wcorpw,11.0
BU05031203,p_wcorpw,68.0
BU05031302,p_wcorpw,67.0
BU05050909,p_wcorpw,7.0
BU05051101,p_wcorpw,12.0
BU05180546,p_wcorpw,13.0
BU05180701,p_wcorpw,33.0
BU05181953,p_wcorpw,4.0
BU05182144,p_wcorpw,12.0
BU05182666,p_wcorpw,8.0
BU05183536,p_wcorpw,98.0
BU05183825,p_wcorpw,5.0
BU05310202,p_wcorpw,15.0
BU06100107,p_wcorpw,84.0
BU06420503,p_wcorpw,71.0
BU06680501,p_wcorpw,9.0
BU07370400,p_wcorpw,5.0
BU07570200,p_wcorpw,16.0
BU07580400,p_wcorpw,12.0
BU07850709,p_wcorpw,13.0
BU07970200,p_wcorpw,9.0
BU08091031,p_wcorpw,9.0
BU08200001,p_wcorpw,14.0
BU08450309,p_wcorpw,5.0
BU08480100,p_wcorpw,6.0
BU08790300,p_wcorpw,6.0
BU08990333,p_wcorpw,5.0
BU09172000,p_wcorpw,89.0
BU09172100,p_wcorpw,64.0
BU09173601,p_wcorpw,8.0
BU09860405,p_wcorpw,8.0
BU09880301,p_wcorpw,5.0
BU15070406,p_wcorpw,11.0
BU15090003,p_wcorpw,15.0
BU15090102,p_wcorpw,5.0
BU15090104,p_wcorpw,6.0
BU15810103,p_wcorpw,12.0
BU15810110,p_wcorpw,14.0
BU16400100,p_wcorpw,10.0
BU16400800,p_wcorpw,15.0
BU16410001,p_wcorpw,12.0
BU16410300,p_wcorpw,4.0
BU16410700,p_wcorpw,13.0
BU16590300,p_wcorpw,11.0
BU16740405,p_wcorpw,30.0
BU16800300,p_wcorpw,5.0
BU16800400,p_wcorpw,8.0
BU17140800,p_wcorpw,8.0
BU17310300,p_wcorpw,16.0
BU17311602,p_wcorpw,6.0
BU17350003,p_wcorpw,10.0
BU17731233,p_wcorpw,7.0
BU18760401,p_wcorpw,0.0
BU19030100,p_wcorpw,4.0
BU19030500,p_wcorpw,9.0
BU01140700,p_ov_hw,4.0
BU01140801,p_ov_hw,6.000000000000001
BU01530804,p_ov_hw,7.0
BU02220906,p_ov_hw,6.000000000000001
BU02280401,p_ov_hw,12.0
BU02620200,p_ov_hw,8.0
BU04000504,p_ov_hw,12.0
BU04000805,p_ov_hw,5.0
BU04053300,p_ov_hw,6.000000000000001
BU04053307,p_ov_hw,7.0
BU04890816,p_ov_hw,5.0
BU05182916,p_ov_hw,11.0
BU06320303,p_ov_hw,6.000000000000001
BU06320602,p_ov_hw,4.0
BU08260301,p_ov_hw,9.0
BU08260606,p_ov_hw,17.0
BU08580102,p_ov_hw,6.000000000000001
BU09833101,p_ov_hw,5.0
BU16901100,p_ov_hw,6.000000000000001
BU19550101,p_ov_hw,8.0
BU01091014,a_soz_ow,40.0
BU01660018,a_soz_ow,40.0
BU01970103,a_soz_ow,70.0
BU01970107,a_soz_ow,40.0
BU02130308,a_soz_ow,40.0
BU02140003,a_soz_ow,40.0
BU03010409,a_soz_ow,70.0
BU03420803,a_soz_ow,40.0
BU05050107,a_soz_ow,40.0
BU08520301,a_soz_ow,70.0
BU16761100,a_soz_ow,40.0
BU17290101,a_soz_ow,70.0
BU17350601,a_soz_ow,40.0
BU19001400,a_soz_ow,40.0
BU19001501,a_soz_ow,40.0
BU00590202,a_bed_bf,20.0
BU01630505,a_bed_bf,20.0
BU01800400,a_bed_bf,20.0
BU01931340,a_bed_bf,20.0
BU01933010,a_bed_bf,20.0
BU01934120,a_bed_bf,20.0
BU02001706,a_bed_bf,20.0
BU03770400,a_bed_bf,20.0
BU09831601,a_bed_bf,20.0
BU15070801,a_bed_bf,20.0
BU16760609,a_bed_bf,20.0
BU18760308,a_bed_bf,20.0
BU02035535,a_bed_gi,10.0
BU02035961,a_bed_gi,10.0
BU02430301,a_bed_gi,10.0
BU03030605,a_bed_gi,10.0
BU03072902,a_bed_gi,10.0
BU04060615,a_bed_gi,10.0
BU05032800,a_bed_gi,10.0
BU05181481,a_bed_gi,10.0
BU06320802,a_bed_gi,10.0
BU07480403,a_bed_gi,10.0
BU07650109,a_bed_gi,10.0
BU07852129,a_bed_gi,10.0
BU08990519,a_bed_gi,10.0
BU09173303,a_bed_gi,10.0
BU09350204,a_bed_gi,10.0
BU15070600,a_bed_gi,10.0
BU16410301,a_bed_gi,10.0
BU16670209,a_bed_gi,10.0
BU16761203,a_bed_gi,10.0
BU17140700,a_bed_gi,10.0
BU17400101,a_bed_gi,10.0
BU18760308,a_bed_gi,10.0
BU18920291,a_bed_gi,10.0
BU19000116,a_bed_gi,10.0
BU19000501,a_bed_gi,10.0
BU19001303,a_bed_gi,10.0
BU02223110,a_bst_nb,14.999999999999986
BU19001000,a_bst_nb,14.999999999999986
BU00470201,g_pau_hh,1.5
BU00590000,g_pau_hh,1.0
BU00590003,g_pau_hh,1.2
BU00590202,g_pau_hh,1.3
BU00590208,g_pau_hh,1.5
BU00740100,g_pau_hh,1.2
BU00740302,g_pau_hh,1.6
BU00740402,g_pau_hh,1.3
BU01092022,g_pau_hh,1.3
BU01140709,g_pau_hh,1.2
BU01144800,g_pau_hh,1.3
BU01185109,g_pau_hh,1.3
BU01470002,g_pau_hh,1.1
BU01470005,g_pau_hh,1.3
BU01530604,g_pau_hh,0.9
BU01530607,g_pau_hh,1.2
BU01530609,g_pau_hh,1.6
BU01580004,g_pau_hh,1.3
BU01580053,g_pau_hh,1.3
BU01630201,g_pau_hh,1.3
BU01640001,g_pau_hh,0.7
BU01640505,g_pau_hh,1.0
BU01640602,g_pau_hh,1.0
BU01680003,g_pau_hh,1.2
BU01710424,g_pau_hh,1.3
BU01840010,g_pau_hh,1.0
BU01931140,g_pau_hh,0.6
BU01933030,g_pau_hh,0.6
BU01933100,g_pau_hh,0.9
BU01935000,g_pau_hh,1.2
BU01970301,g_pau_hh,1.2
BU01970306,g_pau_hh,1.2
BU02000305,g_pau_hh,1.6
BU02035407,g_pau_hh,1.2
BU02035961,g_pau_hh,1.3
BU02140101,g_pau_hh,1.4
BU02210105,g_pau_hh,1.4
BU02220101,g_pau_hh,0.8
BU02220103,g_pau_hh,1.0
BU02220302,g_pau_hh,1.0
BU02280103,g_pau_hh,1.2
BU02280306,g_pau_hh,1.1
BU02281103,g_pau_hh,1.3
BU02430501,g_pau_hh,1.0
BU02430902,g_pau_hh,1.3
BU02690101,g_pau_hh,1.2
BU02750103,g_pau_hh,1.2
BU02850301,g_pau_hh,1.8
BU02960136,g_pau_hh,1.3
BU02970100,g_pau_hh,1.3
BU03010100,g_pau_hh,0.8
BU03010105,g_pau_hh,0.9
BU03010304,g_pau_hh,1.2
BU03010402,g_pau_hh,1.2
BU03020100,g_pau_hh,1.3
BU03030433,g_pau_hh,1.2
BU03030549,g_pau_hh,1.3
BU03030606,g_pau_hh,1.4
BU03070803,g_pau_hh,0.9
BU03071600,g_pau_hh,0.7
BU03072102,g_pau_hh,1.2
BU03130005,g_pau_hh,1.2
BU03215091,g_pau_hh,1.4
BU03270005,g_pau_hh,1.2
BU03270008,g_pau_hh,1.3
BU03270300,g_pau_hh,1.3
BU03350000,g_pau_hh,1.2
BU03440212,g_pau_hh,0.4
BU03440413,g_pau_hh,0.4
BU03440423,g_pau_hh,0.9
BU03530004,g_pau_hh,1.0
BU03530024,g_pau_hh,1.1
BU03530027,g_pau_hh,1.1
BU03730110,g_pau_hh,1.1
BU03730113,g_pau_hh,0.9
BU03940232,g_pau_hh,1.2
BU03940235,g_pau_hh,1.2
BU03940780,g_pau_hh,1.6
BU03960200,g_pau_hh,1.3
BU03960302,g_pau_hh,0.9
BU03990303,g_pau_hh,1.2
BU04000106,g_pau_hh,0.9
BU04000501,g_pau_hh,1.2
BU04000506,g_pau_hh,0.6
BU04000508,g_pau_hh,1.0
BU04000801,g_pau_hh,1.0
BU04020103,g_pau_hh,0.6
BU04020603,g_pau_hh,0.7
BU04051306,g_pau_hh,1.0
BU04052104,g_pau_hh,1.0
BU04053503,g_pau_hh,1.2
BU04061231,g_pau_hh,1.3
BU04390401,g_pau_hh,1.1
BU04390601,g_pau_hh,1.2
BU04390703,g_pau_hh,1.2
BU04390704,g_pau_hh,1.0
BU04530003,g_pau_hh,1.2
BU04530100,g_pau_hh,0.8
BU04530101,g_pau_hh,1.0
BU04530302,g_pau_hh,0.9
BU04530405,g_pau_hh,0.9
BU04530607,g_pau_hh,1.2
BU04820307,g_pau_hh,1.0
BU04820401,g_pau_hh,1.1
BU04840502,g_pau_hh,1.1
BU04890513,g_pau_hh,1.1
BU04890817,g_pau_hh,1.3
BU04891124,g_pau_hh,1.3
BU05031106,g_pau_hh,0.3
BU05031301,g_pau_hh,0.9
BU05031407,g_pau_hh,1.2
BU05032809,g_pau_hh,1.2
BU05050111,g_pau_hh,0.7
BU05050205,g_pau_hh,0.6
BU05050503,g_pau_hh,0.7
BU05051106,g_pau_hh,1.2
BU05120500,g_pau_hh,1.0
BU05121105,g_pau_hh,1.0
BU05121300,g_pau_hh,1.2
BU05180702,g_pau_hh,0.7
BU05181309,g_pau_hh,1.3
BU05184001,g_pau_hh,1.1
BU05184214,g_pau_hh,1.0
BU05990841,g_pau_hh,0.4
BU05991283,g_pau_hh,1.1
BU06100107,g_pau_hh,0.7
BU06270301,g_pau_hh,1.0
BU06320101,g_pau_hh,0.9
BU06320105,g_pau_hh,0.9
BU06320701,g_pau_hh,1.2
BU06420304,g_pau_hh,0.9
BU06420403,g_pau_hh,1.2
BU06420606,g_pau_hh,1.2
BU06420804,g_pau_hh,1.2
BU06780200,g_pau_hh,1.5
BU07170600,g_pau_hh,1.3
BU07370600,g_pau_hh,1.2
BU07480204,g_pau_hh,1.2
BU07480205,g_pau_hh,1.0
BU07480403,g_pau_hh,1.5
BU07480405,g_pau_hh,1.4
BU07530004,g_pau_hh,1.0
BU07550100,g_pau_hh,1.4
BU07580101,g_pau_hh,0.8
BU07580107,g_pau_hh,1.0
BU07580503,g_pau_hh,1.1
BU07580600,g_pau_hh,1.1
BU07790000,g_pau_hh,1.0
BU07790001,g_pau_hh,1.2
BU07790100,g_pau_hh,1.3
BU07850202,g_pau_hh,1.2
BU07941003,g_pau_hh,0.9
BU07941102,g_pau_hh,1.0
BU07941202,g_pau_hh,1.0
BU07941302,g_pau_hh,1.3
BU07941303,g_pau_hh,1.2
BU07941600,g_pau_hh,1.2
BU07941601,g_pau_hh,1.5
BU07941700,g_pau_hh,1.3
BU07980000,g_pau_hh,1.3
BU08200001,g_pau_hh,1.3
BU08230002,g_pau_hh,1.5
BU08260301,g_pau_hh,1.0
BU08260607,g_pau_hh,1.2
BU08400209,g_pau_hh,1.6
BU08660000,g_pau_hh,1.2
BU08730001,g_pau_hh,1.2
BU08790408,g_pau_hh,1.4
BU08820202,g_pau_hh,1.4
BU08890000,g_pau_hh,1.2
BU08890100,g_pau_hh,1.3
BU08990225,g_pau_hh,1.2
BU08990317,g_pau_hh,1.1
BU08990345,g_pau_hh,0.7
BU08990512,g_pau_hh,0.8
BU09070302,g_pau_hh,1.0
BU09171301,g_pau_hh,1.2
BU09172002,g_pau_hh,1.1
BU09172400,g_pau_hh,1.1
BU09173302,g_pau_hh,0.8
BU09173701,g_pau_hh,0.7
BU09173902,g_pau_hh,0.7
BU09280002,g_pau_hh,1.2
BU09350006,g_pau_hh,0.4
BU09350206,g_pau_hh,0.9
BU09350208,g_pau_hh,1.2
BU09570002,g_pau_hh,1.3
BU09570101,g_pau_hh,0.7
BU09570703,g_pau_hh,1.2
BU09710004,g_pau_hh,1.3
BU09831104,g_pau_hh,0.9
BU09831402,g_pau_hh,0.7
BU09831501,g_pau_hh,0.9
BU09831504,g_pau_hh,1.1
BU09860401,g_pau_hh,1.2
BU09880202,g_pau_hh,1.2
BU09883101,g_pau_hh,1.4
BU15070300,g_pau_hh,1.4
BU15070402,g_pau_hh,1.0
BU15070407,g_pau_hh,1.2
BU15070802,g_pau_hh,1.3
BU15071300,g_pau_hh,1.3
BU15810004,g_pau_hh,1.0
BU15810103,g_pau_hh,1.3
BU15860105,g_pau_hh,1.0
BU16211231,g_pau_hh,1.2
BU16212511,g_pau_hh,1.3
BU16400000,g_pau_hh,1.3
BU16410500,g_pau_hh,1.3
BU16760100,g_pau_hh,1.0
BU16760600,g_pau_hh,1.2
BU16800000,g_pau_hh,1.2
BU16800300,g_pau_hh,1.4
BU16802100,g_pau_hh,1.2
BU16900800,g_pau_hh,1.2
BU16901000,g_pau_hh,1.5
BU16901100,g_pau_hh,1.2
BU17011500,g_pau_hh,1.2
BU17090003,g_pau_hh,1.3
BU17091000,g_pau_hh,1.2
BU17140500,g_pau_hh,1.0
BU17140900,g_pau_hh,1.3
BU17290000,g_pau_hh,1.0
BU17290600,g_pau_hh,1.3
BU17300400,g_pau_hh,1.2
BU17300700,g_pau_hh,1.2
BU17310009,g_pau_hh,1.4
BU17350001,g_pau_hh,1.1
BU17350501,g_pau_hh,1.5
BU17350600,g_pau_hh,1.0
BU17420305,g_pau_hh,1.2
BU17730626,g_pau_hh,1.8
BU17830105,g_pau_hh,1.1
BU17830405,g_pau_hh,1.2
BU17830505,g_pau_hh,1.3
BU18760100,g_pau_hh,1.2
BU18760310,g_pau_hh,1.3
BU18840000,g_pau_hh,1.0
BU18840001,g_pau_hh,1.3
BU18920307,g_pau_hh,1.6
BU19000401,g_pau_hh,1.3
BU19000502,g_pau_hh,1.2
BU19001302,g_pau_hh,1.3
BU19001700,g_pau_hh,1.0
BU19030001,g_pau_hh,1.2
BU19160701,g_pau_hh,1.2
BU19550202,g_pau_hh,1.2
BU01093033,g_pau_km,7.0
BU01094046,g_pau_km,7.0
BU01710943,g_pau_km,10.0
BU03020107,g_pau_km,6.0
BU08890109,g_pau_km,8.0
BU09460102,g_pau_km,13.0
BU16800009,g_pau_km,7.0
BU16900809,g_pau_km,11.0
BU16990120,g_pau_km,3.9999999999997726
BU17010109,g_pau_km,3.9999999999997726
BU17140209,g_pau_km,9.0
BU17310109,g_pau_km,5.0
BU17350806,g_pau_km,6.0
BU18950209,g_pau_km,5.0
BU18951009,g_pau_km,3.9999999999997726
BU19001307,g_pau_km,7.0
BU19001607,g_pau_km,7.0
BU00590003,g_afs_hp,2.4
BU00590108,g_afs_hp,1.7
BU00590203,g_afs_hp,4.0
BU00740302,g_afs_hp,3.3
BU01092026,g_afs_hp,6.0
BU01094043,g_afs_hp,2.3
BU01094047,g_afs_hp,0.6000000000000001
BU01094048,g_afs_hp,2.0
BU01094057,g_afs_hp,4.0
BU01140101,g_afs_hp,0.3999999999999999
BU01141001,g_afs_hp,1.5
BU01530000,g_afs_hp,0.5
BU01530008,g_afs_hp,0.3
BU01530400,g_afs_hp,0.3999999999999999
BU01530503,g_afs_hp,0.7999999999999999
BU01530607,g_afs_hp,0.7999999999999999
BU01580490,g_afs_hp,4.7
BU01630104,g_afs_hp,1.2
BU01630506,g_afs_hp,2.0
BU01640906,g_afs_hp,3.5
BU01660003,g_afs_hp,0.6000000000000001
BU01660006,g_afs_hp,1.8
BU01660018,g_afs_hp,5.4
BU01931140,g_afs_hp,0.6000000000000001
BU01933030,g_afs_hp,1.1
BU01935040,g_afs_hp,0.6000000000000001
BU01935070,g_afs_hp,2.5
BU01935150,g_afs_hp,0.7
BU01970108,g_afs_hp,4.9
BU01970304,g_afs_hp,0.6000000000000001
BU01970306,g_afs_hp,0.6000000000000001
BU01970307,g_afs_hp,0.3
BU02000205,g_afs_hp,0.6000000000000001
BU02000206,g_afs_hp,0.5
BU02000406,g_afs_hp,1.7
BU02000506,g_afs_hp,0.6000000000000001
BU02020423,g_afs_hp,0.6000000000000001
BU02035414,g_afs_hp,0.9
BU02140400,g_afs_hp,2.0
BU02220606,g_afs_hp,1.4
BU02220706,g_afs_hp,0.5
BU02280105,g_afs_hp,0.3999999999999999
BU02285001,g_afs_hp,0.3999999999999999
BU02430502,g_afs_hp,0.3
BU02630001,g_afs_hp,0.6000000000000001
BU02630006,g_afs_hp,2.2
BU02690002,g_afs_hp,2.0
BU02690101,g_afs_hp,0.3999999999999999
BU02690203,g_afs_hp,3.0
BU02850102,g_afs_hp,0.7999999999999999
BU02930000,g_afs_hp,0.7999999999999999
BU02960138,g_afs_hp,1.3
BU02970300,g_afs_hp,0.7
BU03020108,g_afs_hp,1.8
BU03030602,g_afs_hp,0.3
BU03071000,g_afs_hp,0.7
BU03072000,g_afs_hp,0.6000000000000001
BU03072104,g_afs_hp,0.6000000000000001
BU03440112,g_afs_hp,0.3
BU03440242,g_afs_hp,0.3
BU03440811,g_afs_hp,0.3
BU03510005,g_afs_hp,0.9
BU03530002,g_afs_hp,0.3999999999999999
BU03550403,g_afs_hp,1.2
BU03830601,g_afs_hp,6.1
BU03830701,g_afs_hp,1.3
BU03940233,g_afs_hp,0.5
BU03970002,g_afs_hp,0.9
BU03970005,g_afs_hp,0.3
BU04000202,g_afs_hp,0.3
BU04000204,g_afs_hp,0.5
BU04000401,g_afs_hp,0.5
BU04000404,g_afs_hp,0.5
BU04370001,g_afs_hp,0.6000000000000001
BU04530401,g_afs_hp,0.7999999999999999
BU04820104,g_afs_hp,0.6000000000000001
BU04820201,g_afs_hp,1.2
BU04820202,g_afs_hp,1.6
BU05031200,g_afs_hp,1.2
BU05050102,g_afs_hp,0.3999999999999999
BU05120500,g_afs_hp,0.5
BU05181481,g_afs_hp,0.7
BU05181806,g_afs_hp,0.5
BU05181882,g_afs_hp,0.6000000000000001
BU05183396,g_afs_hp,0.6000000000000001
BU05310103,g_afs_hp,0.3999999999999999
BU05310203,g_afs_hp,1.2
BU05560202,g_afs_hp,0.3
BU06270105,g_afs_hp,1.1
BU06270301,g_afs_hp,0.6000000000000001
BU06420504,g_afs_hp,0.7
BU06420506,g_afs_hp,0.9
BU07370701,g_afs_hp,2.5
BU07550100,g_afs_hp,4.7
BU07580503,g_afs_hp,0.6000000000000001
BU07580606,g_afs_hp,0.3999999999999999
BU07580800,g_afs_hp,0.7999999999999999
BU07850811,g_afs_hp,1.3
BU07941003,g_afs_hp,0.7
BU07941802,g_afs_hp,0.6000000000000001
BU07970800,g_afs_hp,2.3
BU07970900,g_afs_hp,2.0
BU07971000,g_afs_hp,1.2
BU08260102,g_afs_hp,0.3
BU08400201,g_afs_hp,1.4
BU08610003,g_afs_hp,0.5
BU08730101,g_afs_hp,0.7999999999999999
BU08730200,g_afs_hp,0.9
BU08790400,g_afs_hp,0.5
BU08800001,g_afs_hp,0.7999999999999999
BU08820002,g_afs_hp,0.3999999999999999
BU08990203,g_afs_hp,0.6000000000000001
BU09174101,g_afs_hp,0.7999999999999999
BU09174102,g_afs_hp,1.2
BU09570702,g_afs_hp,0.7
BU09570802,g_afs_hp,1.0
BU09650000,g_afs_hp,0.6000000000000001
BU09650003,g_afs_hp,0.9
BU09710100,g_afs_hp,0.6000000000000001
BU09710201,g_afs_hp,1.2
BU09832202,g_afs_hp,0.5
BU09834106,g_afs_hp,1.7
BU09881401,g_afs_hp,0.3999999999999999
BU09882101,g_afs_hp,0.3999999999999999
BU09882202,g_afs_hp,2.0
BU09883101,g_afs_hp,3.7
BU15070407,g_afs_hp,1.4
BU15070500,g_afs_hp,3.3999999999999995
BU15070700,g_afs_hp,0.3999999999999999
BU15070801,g_afs_hp,0.7
BU15070809,g_afs_hp,2.2
BU15071209,g_afs_hp,4.5
BU16211211,g_afs_hp,0.7
BU16211311,g_afs_hp,0.9
BU16212111,g_afs_hp,0.5
BU16213231,g_afs_hp,0.7
BU16410501,g_afs_hp,2.0
BU16670209,g_afs_hp,2.2
BU16740500,g_afs_hp,1.1
BU16900509,g_afs_hp,5.0
BU16900700,g_afs_hp,4.7
BU16901109,g_afs_hp,3.5
BU16901300,g_afs_hp,0.7
BU17011109,g_afs_hp,1.4
BU17090702,g_afs_hp,1.8
BU17090703,g_afs_hp,2.7
BU17311209,g_afs_hp,7.599999999999999
BU17350206,g_afs_hp,4.6
BU17350309,g_afs_hp,2.5
BU17730422,g_afs_hp,1.6
BU17830402,g_afs_hp,0.3
BU18760103,g_afs_hp,2.4
BU18760310,g_afs_hp,1.8
BU18830502,g_afs_hp,0.6000000000000001
BU18830604,g_afs_hp,1.0
BU18840004,g_afs_hp,1.2
BU18910200,g_afs_hp,0.9
BU18950102,g_afs_hp,1.2
BU18950103,g_afs_hp,4.6
BU19001700,g_afs_hp,0.7
BU19030001,g_afs_hp,1.0
BU19550208,g_afs_hp,2.8
BU00740101,g_afs_gs,0.3
BU01094049,g_afs_gs,3.0
BU01094053,g_afs_gs,2.5
BU01140103,g_afs_gs,1.6
BU01140206,g_afs_gs,3.0
BU01140800,g_afs_gs,1.1
BU01140804,g_afs_gs,2.0
BU01185501,g_afs_gs,1.4
BU01530907,g_afs_gs,2.3
BU01580053,g_afs_gs,1.2
BU01640801,g_afs_gs,0.8000000000000002
BU01710101,g_afs_gs,0.3
BU01931200,g_afs_gs,0.3999999999999999
BU01931320,g_afs_gs,0.3999999999999999
BU01933000,g_afs_gs,0.6
BU01935000,g_afs_gs,0.6
BU02000308,g_afs_gs,1.2
BU02000507,g_afs_gs,0.9
BU02090202,g_afs_gs,1.6
BU02130610,g_afs_gs,1.7
BU02210105,g_afs_gs,0.6
BU02280101,g_afs_gs,0.3
BU02430807,g_afs_gs,0.7
BU02440108,g_afs_gs,1.3
BU02620000,g_afs_gs,0.3
BU02970000,g_afs_gs,0.8000000000000002
BU02970109,g_afs_gs,1.2
BU03020009,g_afs_gs,4.4
BU03020108,g_afs_gs,2.0
BU03030213,g_afs_gs,1.2
BU03030430,g_afs_gs,2.0
BU03071002,g_afs_gs,0.3999999999999999
BU03071905,g_afs_gs,1.0
BU03072902,g_afs_gs,0.3
BU03120000,g_afs_gs,0.6
BU03211121,g_afs_gs,0.3
BU03270001,g_afs_gs,0.3999999999999999
BU03350001,g_afs_gs,0.6
BU03400303,g_afs_gs,1.4
BU03400503,g_afs_gs,2.3
BU03440114,g_afs_gs,0.6
BU03530025,g_afs_gs,0.3999999999999999
BU03550301,g_afs_gs,1.1
BU03730104,g_afs_gs,1.5
BU03730701,g_afs_gs,1.5
BU03940101,g_afs_gs,0.3999999999999999
BU03940241,g_afs_gs,2.0
BU03941193,g_afs_gs,1.3
BU03960101,g_afs_gs,0.3
BU04000200,g_afs_gs,1.2
BU04000400,g_afs_gs,0.8000000000000002
BU04000804,g_afs_gs,1.4
BU04020205,g_afs_gs,1.5
BU04020404,g_afs_gs,0.3
BU04051200,g_afs_gs,1.0
BU04390102,g_afs_gs,0.8000000000000002
BU04519000,g_afs_gs,1.7
BU04530105,g_afs_gs,0.3999999999999999
BU04820305,g_afs_gs,0.3999999999999999
BU04892039,g_afs_gs,2.2
BU05031108,g_afs_gs,0.5
BU05032301,g_afs_gs,0.3
BU05032501,g_afs_gs,1.1
BU05032504,g_afs_gs,0.8000000000000002
BU05032505,g_afs_gs,0.9
BU05050206,g_afs_gs,0.3
BU05050500,g_afs_gs,1.0
BU05051001,g_afs_gs,1.0
BU05051006,g_afs_gs,0.6
BU05180271,g_afs_gs,0.3999999999999999
BU05180477,g_afs_gs,1.1
BU05183638,g_afs_gs,0.6
BU05420005,g_afs_gs,1.0
BU06270303,g_afs_gs,0.3
BU06290104,g_afs_gs,0.3999999999999999
BU06420205,g_afs_gs,0.8000000000000002
BU06420504,g_afs_gs,1.0
BU06420508,g_afs_gs,0.3999999999999999
BU06420510,g_afs_gs,0.6
BU06780000,g_afs_gs,0.6
BU07170100,g_afs_gs,3.0
BU07480002,g_afs_gs,0.6
BU07480201,g_afs_gs,0.6
BU07480405,g_afs_gs,1.4
BU07480500,g_afs_gs,3.5
BU07480509,g_afs_gs,3.1
BU07580700,g_afs_gs,0.6
BU07650101,g_afs_gs,4.9
BU07941007,g_afs_gs,0.3
BU07970400,g_afs_gs,1.3
BU07970503,g_afs_gs,0.6
BU08091006,g_afs_gs,1.2
BU08092045,g_afs_gs,0.6
BU08092052,g_afs_gs,0.3999999999999999
BU08093090,g_afs_gs,2.5
BU08094095,g_afs_gs,4.6
BU08261308,g_afs_gs,2.3
BU08450002,g_afs_gs,0.9
BU08580000,g_afs_gs,0.3999999999999999
BU08790309,g_afs_gs,1.8
BU08820207,g_afs_gs,2.7
BU08990506,g_afs_gs,0.3999999999999999
BU08990523,g_afs_gs,0.3
BU08990527,g_afs_gs,1.0
BU09172003,g_afs_gs,0.3999999999999999
BU09172401,g_afs_gs,1.1
BU09173603,g_afs_gs,1.6
BU09280102,g_afs_gs,0.3
BU09350000,g_afs_gs,0.3
BU09570002,g_afs_gs,1.2
BU09570300,g_afs_gs,0.3999999999999999
BU09570701,g_afs_gs,0.8000000000000002
BU09570702,g_afs_gs,1.3
BU09831209,g_afs_gs,1.2
BU09831502,g_afs_gs,0.3
BU09831510,g_afs_gs,1.2
BU09832202,g_afs_gs,0.3
BU09833204,g_afs_gs,0.3999999999999999
BU15071009,g_afs_gs,2.0
BU15090106,g_afs_gs,1.5
BU15810400,g_afs_gs,0.9
BU16520008,g_afs_gs,1.4
BU16550302,g_afs_gs,0.3
BU16580308,g_afs_gs,2.0
BU16800209,g_afs_gs,2.7
BU16950001,g_afs_gs,0.8000000000000002
BU16990020,g_afs_gs,1.3
BU16990060,g_afs_gs,3.0
BU17060200,g_afs_gs,1.5
BU17090200,g_afs_gs,4.6
BU17090300,g_afs_gs,0.8000000000000002
BU17140200,g_afs_gs,0.6
BU17400001,g_afs_gs,0.6
BU17400102,g_afs_gs,2.7
BU17830351,g_afs_gs,1.0
BU17830403,g_afs_gs,0.3
BU17831001,g_afs_gs,1.1
BU18760105,g_afs_gs,3.6
BU18830602,g_afs_gs,1.4
BU18950102,g_afs_gs,0.8000000000000002
BU18950604,g_afs_gs,1.3
BU19030202,g_afs_gs,2.0
BU00740205,g_afs_kv,3.1
BU01060815,g_afs_kv,1.3
BU01140600,g_afs_kv,0.6
BU01144300,g_afs_kv,0.9
BU01530103,g_afs_kv,0.3
BU01530206,g_afs_kv,0.4
BU01580041,g_afs_kv,0.4
BU01630304,g_afs_kv,0.8
BU01630900,g_afs_kv,0.4
BU01660007,g_afs_kv,1.4
BU01680109,g_afs_kv,1.8
BU01710101,g_afs_kv,0.4
BU01731300,g_afs_kv,0.8
BU01731400,g_afs_kv,1.0
BU01800102,g_afs_kv,1.2
BU01890407,g_afs_kv,1.6
BU01931020,g_afs_kv,0.7
BU01931150,g_afs_kv,0.3
BU02035402,g_afs_kv,0.4
BU02035876,g_afs_kv,2.5
BU02090408,g_afs_kv,1.3
BU02090491,g_afs_kv,0.4
BU02130400,g_afs_kv,2.3
BU02130602,g_afs_kv,0.5
BU02140200,g_afs_kv,0.7
BU02220905,g_afs_kv,0.4
BU02285001,g_afs_kv,0.4
BU02520005,g_afs_kv,1.3
BU02620309,g_afs_kv,2.5
BU02620501,g_afs_kv,0.3
BU02690200,g_afs_kv,0.3
BU02990100,g_afs_kv,0.8
BU03071001,g_afs_kv,0.4
BU03071704,g_afs_kv,0.3
BU03071905,g_afs_kv,0.3
BU03270105,g_afs_kv,1.0
BU03270300,g_afs_kv,0.4
BU03440243,g_afs_kv,0.6
BU03440942,g_afs_kv,0.4
BU03441031,g_afs_kv,0.7
BU03510002,g_afs_kv,0.4
BU03530002,g_afs_kv,0.3
BU03730601,g_afs_kv,0.8
BU03770201,g_afs_kv,0.9
BU03940108,g_afs_kv,0.8
BU03941567,g_afs_kv,0.5
BU03960101,g_afs_kv,0.7
BU03960700,g_afs_kv,0.9
BU03970100,g_afs_kv,1.5
BU03990801,g_afs_kv,1.8
BU04000803,g_afs_kv,1.3
BU04000809,g_afs_kv,1.2
BU04310002,g_afs_kv,0.3
BU04480100,g_afs_kv,0.3
BU04515000,g_afs_kv,1.0
BU04840405,g_afs_kv,0.4
BU04840501,g_afs_kv,0.4
BU04892039,g_afs_kv,0.7
BU05031201,g_afs_kv,0.8
BU05031304,g_afs_kv,0.4
BU05031405,g_afs_kv,0.4
BU05032504,g_afs_kv,0.4
BU05050112,g_afs_kv,0.1999999999999999
BU05050305,g_afs_kv,0.3
BU06100106,g_afs_kv,0.4
BU06130309,g_afs_kv,0.9
BU06130310,g_afs_kv,1.2
BU06270103,g_afs_kv,0.3
BU06320203,g_afs_kv,0.7
BU06420313,g_afs_kv,0.4
BU06420509,g_afs_kv,0.4
BU06420510,g_afs_kv,0.3
BU06680600,g_afs_kv,0.6
BU07370400,g_afs_kv,0.6
BU07370701,g_afs_kv,2.4
BU07480203,g_afs_kv,0.6
BU07480300,g_afs_kv,0.8
BU07570000,g_afs_kv,0.4
BU07570004,g_afs_kv,1.2
BU07580202,g_afs_kv,0.3
BU07850304,g_afs_kv,1.4
BU07971000,g_afs_kv,0.3
BU08091011,g_afs_kv,0.6
BU08093081,g_afs_kv,0.3
BU08230109,g_afs_kv,2.0
BU08450008,g_afs_kv,1.3
BU08450109,g_afs_kv,2.9
BU08450302,g_afs_kv,0.8
BU08480100,g_afs_kv,0.4
BU08510003,g_afs_kv,0.6
BU08580100,g_afs_kv,0.8
BU08790000,g_afs_kv,0.7
BU08820004,g_afs_kv,1.7
BU08820009,g_afs_kv,1.5
BU08990317,g_afs_kv,0.4
BU09280004,g_afs_kv,2.1
BU09460401,g_afs_kv,0.4
BU09570801,g_afs_kv,0.6
BU09710005,g_afs_kv,0.4
BU09831202,g_afs_kv,1.4
BU09881201,g_afs_kv,0.6
BU09882403,g_afs_kv,2.7
BU15070300,g_afs_kv,0.4
BU15070700,g_afs_kv,0.3
BU15090203,g_afs_kv,1.9
BU15090208,g_afs_kv,2.0
BU15810103,g_afs_kv,1.2
BU15860110,g_afs_kv,0.4
BU16211111,g_afs_kv,1.1
BU16213251,g_afs_kv,0.9
BU16550308,g_afs_kv,1.1
BU16550501,g_afs_kv,2.9
BU16580100,g_afs_kv,0.4
BU16590003,g_afs_kv,1.4
BU16670002,g_afs_kv,1.0
BU16760001,g_afs_kv,0.6
BU16761205,g_afs_kv,4.4
BU16901109,g_afs_kv,3.0
BU16990360,g_afs_kv,1.2
BU17090900,g_afs_kv,0.3
BU17310000,g_afs_kv,0.8
BU17310500,g_afs_kv,3.5
BU17310602,g_afs_kv,1.2
BU17310900,g_afs_kv,0.8
BU17350309,g_afs_kv,2.8
BU17350908,g_afs_kv,2.3
BU17830251,g_afs_kv,0.8
BU17830507,g_afs_kv,0.4
BU18760404,g_afs_kv,2.5
BU18760406,g_afs_kv,2.7
BU18830503,g_afs_kv,0.4
BU18950005,g_afs_kv,2.5
BU18950500,g_afs_kv,12.3
BU18950502,g_afs_kv,13.1
BU00500000,g_afs_sc,0.6
BU00590103,g_afs_sc,0.4
BU00590203,g_afs_sc,0.3
BU00600000,g_afs_sc,0.7
BU00740403,g_afs_sc,2.0
BU00740407,g_afs_sc,2.2
BU00740903,g_afs_sc,0.8
BU00801004,g_afs_sc,0.4
BU01091002,g_afs_sc,0.4
BU01095064,g_afs_sc,2.0
BU01140806,g_afs_sc,1.7
BU01470106,g_afs_sc,1.2
BU01530206,g_afs_sc,0.4
BU01530901,g_afs_sc,0.4
BU01580004,g_afs_sc,0.6
BU01580020,g_afs_sc,1.0
BU01630506,g_afs_sc,1.5
BU01640305,g_afs_sc,1.1
BU01640900,g_afs_sc,0.7
BU01731300,g_afs_sc,0.7
BU01800001,g_afs_sc,0.7
BU01890302,g_afs_sc,0.6
BU01890405,g_afs_sc,1.4
BU01890408,g_afs_sc,1.9
BU01890509,g_afs_sc,2.3
BU01933200,g_afs_sc,1.9
BU01935010,g_afs_sc,0.4
BU01935020,g_afs_sc,0.7
BU02000404,g_afs_sc,0.7
BU02035402,g_afs_sc,0.4
BU02130313,g_afs_sc,2.2
BU02220905,g_afs_sc,0.7
BU02223108,g_afs_sc,0.1999999999999999
BU02280201,g_afs_sc,0.3
BU02287031,g_afs_sc,1.8
BU02431402,g_afs_sc,2.5
BU02460005,g_afs_sc,1.4
BU02520105,g_afs_sc,3.0
BU02620408,g_afs_sc,1.7
BU02620507,g_afs_sc,2.5
BU02620509,g_afs_sc,3.0
BU02850206,g_afs_sc,1.2
BU02850208,g_afs_sc,2.2
BU02940103,g_afs_sc,1.8
BU02940105,g_afs_sc,2.5
BU02940106,g_afs_sc,2.2
BU02960103,g_afs_sc,0.7
BU03020101,g_afs_sc,5.4
BU03030213,g_afs_sc,1.2
BU03270102,g_afs_sc,0.4
BU03530012,g_afs_sc,1.2
BU03550101,g_afs_sc,0.4
BU03550301,g_afs_sc,0.4
BU03550404,g_afs_sc,1.8
BU03730602,g_afs_sc,1.8
BU03770100,g_afs_sc,0.3
BU03940230,g_afs_sc,0.9
BU03940234,g_afs_sc,1.1
BU03940988,g_afs_sc,0.4
BU04051200,g_afs_sc,0.6
BU04053303,g_afs_sc,0.4
BU04053501,g_afs_sc,1.0
BU04480002,g_afs_sc,0.4
BU04480008,g_afs_sc,5.4
BU04480100,g_afs_sc,0.3
BU04515000,g_afs_sc,1.0
BU04530105,g_afs_sc,0.3
BU04530602,g_afs_sc,1.2
BU04820306,g_afs_sc,0.3
BU04840201,g_afs_sc,2.0
BU04890101,g_afs_sc,0.9
BU04890308,g_afs_sc,0.7
BU04891432,g_afs_sc,0.9
BU05182561,g_afs_sc,0.4
BU05183536,g_afs_sc,0.4
BU05991571,g_afs_sc,0.3
BU06130419,g_afs_sc,0.4
BU06130420,g_afs_sc,2.2
BU06270302,g_afs_sc,0.3
BU06290100,g_afs_sc,0.5
BU06320202,g_afs_sc,0.4
BU06320703,g_afs_sc,2.0
BU06680701,g_afs_sc,1.5
BU07480006,g_afs_sc,0.7
BU07480508,g_afs_sc,1.3
BU07530003,g_afs_sc,0.3
BU07530009,g_afs_sc,0.3
BU07570004,g_afs_sc,1.2
BU07580202,g_afs_sc,0.4
BU07580809,g_afs_sc,1.0
BU07850405,g_afs_sc,0.7
BU07850917,g_afs_sc,0.8
BU07941100,g_afs_sc,0.3
BU07941802,g_afs_sc,0.4
BU08093071,g_afs_sc,0.6
BU08230209,g_afs_sc,1.3
BU08260504,g_afs_sc,0.5
BU08260606,g_afs_sc,0.4
BU08260607,g_afs_sc,0.4
BU08260700,g_afs_sc,0.3
BU08450408,g_afs_sc,1.2
BU08510001,g_afs_sc,0.3
BU08520201,g_afs_sc,0.9
BU08520302,g_afs_sc,3.5
BU08650104,g_afs_sc,0.9
BU08990207,g_afs_sc,0.6
BU09172100,g_afs_sc,0.4
BU09380003,g_afs_sc,1.7
BU09650100,g_afs_sc,0.6
BU09834105,g_afs_sc,1.6
BU09860501,g_afs_sc,0.3
BU09880104,g_afs_sc,2.5
BU09882102,g_afs_sc,1.5
BU15070402,g_afs_sc,0.3
BU15070500,g_afs_sc,0.4
BU15070803,g_afs_sc,0.4
BU15090106,g_afs_sc,1.4
BU15090203,g_afs_sc,0.3
BU15810200,g_afs_sc,0.4
BU15860111,g_afs_sc,0.4
BU15860202,g_afs_sc,1.5
BU16550304,g_afs_sc,0.7
BU16590108,g_afs_sc,1.5
BU16670209,g_afs_sc,1.8
BU16740405,g_afs_sc,1.5
BU16760003,g_afs_sc,0.7
BU16760007,g_afs_sc,0.8
BU16760401,g_afs_sc,3.6
BU16801200,g_afs_sc,2.0
BU16990030,g_afs_sc,0.8
BU16990350,g_afs_sc,0.3
BU17010909,g_afs_sc,2.0
BU17011200,g_afs_sc,2.2
BU17011509,g_afs_sc,1.2
BU17060001,g_afs_sc,1.0
BU17060002,g_afs_sc,1.7
BU17140009,g_afs_sc,2.0
BU17141000,g_afs_sc,0.8
BU17141209,g_afs_sc,2.9000000000000004
BU17290001,g_afs_sc,2.2
BU17290102,g_afs_sc,2.0
BU17301009,g_afs_sc,3.6
BU17310800,g_afs_sc,0.3
BU17310801,g_afs_sc,2.5
BU17350408,g_afs_sc,2.5
BU17350900,g_afs_sc,0.4
BU17400107,g_afs_sc,1.7
BU17830103,g_afs_sc,0.6
BU17830406,g_afs_sc,0.3
BU17830507,g_afs_sc,0.3
BU17830901,g_afs_sc,0.7
BU18830504,g_afs_sc,0.4
BU18830602,g_afs_sc,0.8
BU19000101,g_afs_sc,0.4
BU19001303,g_afs_sc,0.4
BU19030003,g_afs_sc,0.3
BU19550001,g_afs_sc,0.4
BU19550010,g_afs_sc,0.9
BU00590003,g_3km_sc,3.8
BU00720002,g_3km_sc,7.0
BU00720005,g_3km_sc,7.0
BU01530802,g_3km_sc,6.0
BU01530803,g_3km_sc,6.0
BU01530804,g_3km_sc,6.0
BU01680201,g_3km_sc,3.3
BU01710112,g_3km_sc,4.1
BU01800003,g_3km_sc,5.6
BU01935200,g_3km_sc,-8.881784197001252e-16
BU02036071,g_3km_sc,2.0
BU02210104,g_3km_sc,5.0
BU02430401,g_3km_sc,16.0
BU02440002,g_3km_sc,5.9
BU02690005,g_3km_sc,3.3
BU02930000,g_3km_sc,6.0
BU03030321,g_3km_sc,10.2
BU03071202,g_3km_sc,4.6
BU03510001,g_3km_sc,6.0
BU03510002,g_3km_sc,6.0
BU03510005,g_3km_sc,6.0
BU03510006,g_3km_sc,6.0
BU03990302,g_3km_sc,10.9
BU03990304,g_3km_sc,11.0
BU03990401,g_3km_sc,8.3
BU03990501,g_3km_sc,10.6
BU07170600,g_3km_sc,2.0
BU07550006,g_3km_sc,3.0
BU07650100,g_3km_sc,2.2
BU07790200,g_3km_sc,8.0
BU07941402,g_3km_sc,8.0
BU07980000,g_3km_sc,3.2
BU08230000,g_3km_sc,4.1
BU08450308,g_3km_sc,3.0
BU08510409,g_3km_sc,0.7000000000000002
BU08580003,g_3km_sc,6.9
BU09280105,g_3km_sc,4.1
BU09460302,g_3km_sc,-8.881784197001252e-16
BU09570801,g_3km_sc,3.0
BU09710200,g_3km_sc,2.4000000000000004
BU15071209,g_3km_sc,0.2000000000000001
BU16550301,g_3km_sc,5.0
BU16550303,g_3km_sc,5.0
BU16550304,g_3km_sc,5.0
BU16760002,g_3km_sc,6.0
BU16761009,g_3km_sc,0.7000000000000002
BU16761300,g_3km_sc,1.7000000000000002
BU16761301,g_3km_sc,1.2000000000000002
BU16800009,g_3km_sc,1.4000000000000004
BU16800600,g_3km_sc,1.2999999999999998
BU16950000,g_3km_sc,1.4000000000000004
BU16960601,g_3km_sc,3.0
BU17060008,g_3km_sc,4.0
BU17090609,g_3km_sc,0.7999999999999998
BU17141209,g_3km_sc,0.9000000000000004
BU17290601,g_3km_sc,0.0999999999999987
BU17311609,g_3km_sc,0.2999999999999998
BU17350206,g_3km_sc,0.7999999999999998
BU17350207,g_3km_sc,0.9000000000000004
BU17830402,g_3km_sc,7.1
BU17830703,g_3km_sc,6.0
BU17830710,g_3km_sc,6.0
BU17830712,g_3km_sc,5.3
BU17830714,g_3km_sc,5.5
BU18760308,g_3km_sc,1.5999999999999996
BU18950300,g_3km_sc,2.0
BU01970111,a_opp_ha,1127.0
BU02430803,a_opp_ha,16.0
BU02940121,a_opp_ha,2245.0
BU04530302,a_opp_ha,210.0
BU07980009,a_opp_ha,2954.0
BU07980109,a_opp_ha,2503.0
BU08580208,a_opp_ha,1349.0
BU08580209,a_opp_ha,1123.0
BU08790209,a_opp_ha,1524.0
BU08790309,a_opp_ha,2682.0
BU09280205,a_opp_ha,142.0
BU09350206,a_opp_ha,165.0
BU09350502,a_opp_ha,313.0
BU09380202,a_opp_ha,214.0
BU09710004,a_opp_ha,250.0
BU09710100,a_opp_ha,362.0
BU09710200,a_opp_ha,100.0
BU09810008,a_opp_ha,155.0
BU09883102,a_opp_ha,2700.0
BU16410200,a_opp_ha,468.0
BU16410201,a_opp_ha,265.0
BU16410301,a_opp_ha,189.0
BU16670109,a_opp_ha,1985.0
BU16950300,a_opp_ha,106.0
BU17090809,a_opp_ha,1634.0
BU17140209,a_opp_ha,3084.0
BU18950309,a_opp_ha,3510.0
BU19030002,a_opp_ha,151.0
BU19030409,a_opp_ha,1229.0
BU00960000,a_lan_ha,81.0
BU01140106,a_lan_ha,81.0
BU01660007,a_lan_ha,49.99999999999997
BU01680309,a_lan_ha,4004.0
BU01680409,a_lan_ha,2272.0
BU01710323,a_lan_ha,3760.000000000001
BU01933120,a_lan_ha,87.0
BU01970111,a_lan_ha,1123.0
BU01970302,a_lan_ha,161.0
BU02000204,a_lan_ha,163.0
BU02035411,a_lan_ha,73.00000000000003
BU02035650,a_lan_ha,2391.0
BU02140207,a_lan_ha,1071.0
BU02280306,a_lan_ha,95.0
BU02430803,a_lan_ha,16.0
BU02620005,a_lan_ha,151.0
BU02620006,a_lan_ha,57.00000000000003
BU02730008,a_lan_ha,1095.0
BU03120209,a_lan_ha,1603.0
BU03211233,a_lan_ha,22.0
BU03215091,a_lan_ha,84.0
BU03270104,a_lan_ha,9.0
BU03440343,a_lan_ha,205.0
BU03441033,a_lan_ha,160.0
BU03530029,a_lan_ha,1137.0
BU03550306,a_lan_ha,11.0
BU03580004,a_lan_ha,263.0
BU03940105,a_lan_ha,113.0
BU03940111,a_lan_ha,74.0
BU03940122,a_lan_ha,1132.0
BU03940675,a_lan_ha,88.0
BU03940883,a_lan_ha,117.0
BU03940988,a_lan_ha,96.0
BU03970001,a_lan_ha,185.0
BU03970006,a_lan_ha,81.0
BU04370001,a_lan_ha,135.0
BU04390703,a_lan_ha,89.0
BU04390705,a_lan_ha,86.0
BU04515000,a_lan_ha,209.0
BU04530505,a_lan_ha,105.0
BU04820103,a_lan_ha,22.0
BU05051108,a_lan_ha,12.0
BU05182666,a_lan_ha,76.0
BU05990451,a_lan_ha,124.0
BU05991283,a_lan_ha,195.0
BU05991446,a_lan_ha,49.99999999999997
BU06130104,a_lan_ha,112.0
BU06270401,a_lan_ha,33.0
BU06270408,a_lan_ha,22.0
BU06290003,a_lan_ha,237.0
BU07170609,a_lan_ha,928.0
BU07480405,a_lan_ha,175.0
BU07570003,a_lan_ha,149.0
BU07580200,a_lan_ha,224.0
BU07580502,a_lan_ha,114.0
BU07580909,a_lan_ha,1331.0
BU08230109,a_lan_ha,1705.0
BU08450308,a_lan_ha,130.0
BU08510008,a_lan_ha,1382.0
BU08580208,a_lan_ha,1338.0
BU08730309,a_lan_ha,1615.0
BU08790209,a_lan_ha,1512.0
BU09350206,a_lan_ha,165.0
BU09570100,a_lan_ha,79.0
BU09810008,a_lan_ha,155.0
BU15810003,a_lan_ha,137.0
BU16212121,a_lan_ha,26.0
BU16590000,a_lan_ha,180.0
BU16741009,a_lan_ha,1047.0
BU16760002,a_lan_ha,147.0
BU16760004,a_lan_ha,67.0
BU16950300,a_lan_ha,106.0
BU16960102,a_lan_ha,73.00000000000003
BU17090002,a_lan_ha,84.0
BU17090004,a_lan_ha,81.0
BU17090300,a_lan_ha,235.0
BU17090409,a_lan_ha,1138.0
BU17090600,a_lan_ha,105.0
BU17090709,a_lan_ha,1878.0
BU17090809,a_lan_ha,1590.0
BU17140609,a_lan_ha,1380.0
BU17400001,a_lan_ha,217.0
BU18760103,a_lan_ha,3389.0
BU18840004,a_lan_ha,354.0
BU18840202,a_lan_ha,96.0
BU19000117,a_lan_ha,219.0
BU19001307,a_lan_ha,1294.0
BU19030002,a_lan_ha,151.0
BU19030409,a_lan_ha,1229.0
BU19160104,a_lan_ha,226.0
BU19550000,a_lan_ha,161.0
BU00930111,a_wat_ha,4.0
BU01140600,a_wat_ha,12.0
BU01140709,a_wat_ha,21.0
BU01185501,a_wat_ha,8.0
BU01185801,a_wat_ha,9.0
BU01185901,a_wat_ha,6.0
BU01660007,a_wat_ha,7.0
BU01932200,a_wat_ha,12.0
BU02140609,a_wat_ha,13.0
BU02260201,a_wat_ha,5.0
BU02690210,a_wat_ha,7.0
BU02750103,a_wat_ha,10.0
BU02940121,a_wat_ha,5.0
BU03010000,a_wat_ha,8.0
BU03120009,a_wat_ha,11.0
BU03120209,a_wat_ha,14.0
BU03211128,a_wat_ha,4.0
BU03440343,a_wat_ha,13.0
BU03440711,a_wat_ha,5.0
BU03440934,a_wat_ha,10.0
BU03510011,a_wat_ha,4.0
BU03510012,a_wat_ha,8.0
BU03770209,a_wat_ha,6.0
BU03770309,a_wat_ha,4.0
BU03940122,a_wat_ha,75.0
BU03940237,a_wat_ha,7.0
BU03940675,a_wat_ha,9.0
BU03941091,a_wat_ha,14.0
BU03970001,a_wat_ha,13.0
BU03970006,a_wat_ha,5.0
BU04530002,a_wat_ha,16.0
BU04820403,a_wat_ha,5.0
BU05120101,a_wat_ha,7.0
BU05120300,a_wat_ha,5.0
BU05991283,a_wat_ha,120.0
BU05991446,a_wat_ha,14.0
BU06290003,a_wat_ha,12.0
BU07170109,a_wat_ha,4.0
BU07370209,a_wat_ha,6.0
BU07580400,a_wat_ha,5.0
BU07980109,a_wat_ha,9.0
BU08200003,a_wat_ha,14.0
BU08230008,a_wat_ha,11.0
BU08450408,a_wat_ha,9.0
BU08510300,a_wat_ha,9.0
BU09350006,a_wat_ha,10.0
BU09710200,a_wat_ha,11.0
BU09710201,a_wat_ha,12.0
BU09710203,a_wat_ha,8.0
BU15090109,a_wat_ha,10.0
BU15090307,a_wat_ha,19.0
BU16401001,a_wat_ha,15.0
BU16760004,a_wat_ha,8.0
BU17090300,a_wat_ha,9.0
BU17090409,a_wat_ha,16.0
BU17400209,a_wat_ha,74.0
BU18420101,a_wat_ha,10.0
BU18760103,a_wat_ha,5.0
BU19000117,a_wat_ha,47.0
BU19001307,a_wat_ha,7.0
BU16212741,pst_mvp,2651.0
BU16760004,pst_mvp,4303.0
BU17830160,pst_mvp,2671.0
BU18920493,pst_mvp,2912.0
BU00930111,pst_dekp,4.0
BU02970207,pst_dekp,5.0
BU07970501,pst_dekp,5.0
BU18760204,pst_dekp,5.0
BU18830103,pst_dekp,5.0
BU01840011,ste_mvs,5.0
BU02130609,ste_mvs,5.0
BU03030607,ste_mvs,5.0
BU03390000,ste_mvs,5.0
BU03830421,ste_mvs,5.0
BU03970102,ste_mvs,5.0
BU05310400,ste_mvs,5.0
BU06290002,ste_mvs,4.0
BU06290107,ste_mvs,4.0
BU07550006,ste_mvs,4.0
BU08200008,ste_mvs,4.0
BU15810002,ste_mvs,4.0
BU17140701,ste_mvs,4.0
BU17420309,ste_mvs,4.0
BU18840203,ste_mvs,5.0
BU00470100,ste_oad,30.0
BU01680101,ste_oad,72.0
BU01934050,ste_oad,11.0
BU02960120,ste_oad,1215.0
BU07370709,ste_oad,85.0
BU15860302,ste_oad,63.0
BU16802008,ste_oad,13.0
BU18760101,ste_oad,126.0
